sessionNo;Vorhersage
1;0,7222222222222222
2;0,7777777777777778
3;0,5277777777777778
4;0,4166666666666667
5;0,25
6;0,0
7;0,0
8;0,027777777777777776
9;0,75
10;0,7777777777777778
11;0,9444444444444444
12;0,9722222222222222
13;0,5277777777777778
14;0,7777777777777778
15;0,027777777777777776
16;0,9444444444444444
17;0,8611111111111112
18;0,9166666666666666
19;0,5833333333333334
20;0,0
21;0,1388888888888889
22;0,9444444444444444
23;0,0
24;0,0
25;0,0
26;0,6944444444444444
27;0,2222222222222222
28;0,3888888888888889
29;0,3888888888888889
30;0,9722222222222222
31;0,7222222222222222
32;0,75
33;0,7222222222222222
34;0,5555555555555556
35;0,8333333333333334
36;0,9722222222222222
37;1,0
38;0,3333333333333333
39;1,0
40;0,027777777777777776
41;0,9722222222222222
42;0,0
43;0,0
44;0,8611111111111112
45;0,3888888888888889
46;0,9166666666666666
47;0,25
48;1,0
49;0,0
50;0,9444444444444444
51;0,6944444444444444
52;0,8888888888888888
53;0,8611111111111112
54;0,027777777777777776
55;0,8611111111111112
56;0,0
57;0,7777777777777778
58;0,8888888888888888
59;0,8333333333333334
60;0,0
61;0,027777777777777776
62;0,9166666666666666
63;0,0
64;0,3611111111111111
65;0,9444444444444444
66;0,8611111111111112
67;0,0
68;0,8055555555555556
69;0,0
70;0,25
71;0,0
72;0,027777777777777776
73;0,0
74;0,16666666666666666
75;0,7777777777777778
76;0,05555555555555555
77;0,8333333333333334
78;0,9722222222222222
79;0,05555555555555555
80;1,0
81;0,2222222222222222
82;0,8611111111111112
83;0,8611111111111112
84;0,6944444444444444
85;0,16666666666666666
86;0,9444444444444444
87;0,1388888888888889
88;0,9722222222222222
89;0,0
90;0,9722222222222222
91;0,6666666666666666
92;1,0
93;0,0
94;0,0
95;0,9722222222222222
96;0,6666666666666666
97;0,0
98;0,08333333333333333
99;0,9166666666666666
100;0,19444444444444445
101;0,4722222222222222
102;0,25
103;0,5833333333333334
104;0,9444444444444444
105;0,05555555555555555
106;0,9722222222222222
107;0,0
108;0,9166666666666666
109;0,3055555555555556
110;0,7777777777777778
111;0,19444444444444445
112;0,3055555555555556
113;0,2777777777777778
114;0,6666666666666666
115;0,2222222222222222
116;0,6111111111111112
117;0,0
118;0,5555555555555556
119;0,08333333333333333
120;0,1388888888888889
121;0,19444444444444445
122;0,0
123;0,8888888888888888
124;0,0
125;0,19444444444444445
126;0,2222222222222222
127;0,027777777777777776
128;0,027777777777777776
129;0,2777777777777778
130;0,9722222222222222
131;0,8611111111111112
132;0,7777777777777778
133;0,9444444444444444
134;0,7777777777777778
135;0,9722222222222222
136;0,5277777777777778
137;0,3333333333333333
138;0,9166666666666666
139;0,25
140;0,1388888888888889
141;0,9166666666666666
142;0,9166666666666666
143;0,9166666666666666
144;0,9166666666666666
145;0,0
146;0,8611111111111112
147;0,4166666666666667
148;0,2777777777777778
149;0,9444444444444444
150;0,0
151;0,7777777777777778
152;0,0
153;0,0
154;0,027777777777777776
155;0,6666666666666666
156;0,8055555555555556
157;0,7222222222222222
158;0,7777777777777778
159;0,6666666666666666
160;0,0
161;0,9444444444444444
162;0,1111111111111111
163;0,7777777777777778
164;0,9444444444444444
165;0,75
166;0,7777777777777778
167;0,75
168;0,9722222222222222
169;0,0
170;0,8055555555555556
171;0,8055555555555556
172;0,0
173;0,9722222222222222
174;0,8333333333333334
175;0,9444444444444444
176;0,7222222222222222
177;1,0
178;0,5833333333333334
179;0,6666666666666666
180;0,9722222222222222
181;1,0
182;0,9444444444444444
183;0,0
184;0,9722222222222222
185;0,9444444444444444
186;0,027777777777777776
187;1,0
188;0,0
189;0,7777777777777778
190;0,027777777777777776
191;0,9722222222222222
192;0,8888888888888888
193;0,7222222222222222
194;0,8055555555555556
195;0,16666666666666666
196;0,9444444444444444
197;0,0
198;0,0
199;0,8055555555555556
200;0,0
201;0,1111111111111111
202;0,0
203;0,9444444444444444
204;0,4444444444444444
205;0,8333333333333334
206;0,9166666666666666
207;0,4166666666666667
208;0,027777777777777776
209;0,6666666666666666
210;1,0
211;0,0
212;0,8888888888888888
213;1,0
214;0,6666666666666666
215;0,9444444444444444
216;0,7777777777777778
217;0,6944444444444444
218;0,0
219;0,0
220;0,0
221;0,6666666666666666
222;0,0
223;0,0
224;0,6388888888888888
225;0,6666666666666666
226;0,9444444444444444
227;0,75
228;1,0
229;0,9722222222222222
230;0,0
231;0,5555555555555556
232;0,7777777777777778
233;0,8888888888888888
234;0,1111111111111111
235;0,9166666666666666
236;0,05555555555555555
237;1,0
238;0,9722222222222222
239;0,9722222222222222
240;0,7222222222222222
241;0,8888888888888888
242;0,1111111111111111
243;0,25
244;0,9722222222222222
245;0,9444444444444444
246;0,75
247;0,19444444444444445
248;0,6666666666666666
249;0,7777777777777778
250;0,4166666666666667
251;0,9722222222222222
252;0,8611111111111112
253;0,8333333333333334
254;0,9722222222222222
255;0,9722222222222222
256;0,8611111111111112
257;0,8888888888888888
258;0,9444444444444444
259;0,8333333333333334
260;0,9722222222222222
261;0,9722222222222222
262;0,6666666666666666
263;0,8333333333333334
264;1,0
265;0,9722222222222222
266;0,2777777777777778
267;0,7222222222222222
268;0,9166666666666666
269;0,6944444444444444
270;0,9444444444444444
271;0,25
272;0,2777777777777778
273;0,9444444444444444
274;0,0
275;1,0
276;0,9722222222222222
277;0,8611111111111112
278;0,9722222222222222
279;0,6666666666666666
280;0,027777777777777776
281;0,9444444444444444
282;0,5277777777777778
283;0,0
284;0,5277777777777778
285;0,1111111111111111
286;0,9722222222222222
287;0,8888888888888888
288;0,9444444444444444
289;0,027777777777777776
290;0,0
291;0,0
292;0,027777777777777776
293;0,6666666666666666
294;0,9444444444444444
295;0,0
296;0,9444444444444444
297;0,2222222222222222
298;0,0
299;0,6111111111111112
300;0,3055555555555556
301;0,0
302;0,6388888888888888
303;0,0
304;1,0
305;0,9722222222222222
306;0,3333333333333333
307;0,5
308;1,0
309;0,75
310;0,08333333333333333
311;0,4722222222222222
312;0,5555555555555556
313;0,027777777777777776
314;0,2222222222222222
315;0,5555555555555556
316;0,2777777777777778
317;1,0
318;0,8888888888888888
319;0,05555555555555555
320;0,19444444444444445
321;0,027777777777777776
322;0,75
323;0,75
324;0,9722222222222222
325;0,8333333333333334
326;1,0
327;0,6111111111111112
328;0,9722222222222222
329;0,9444444444444444
330;0,4722222222222222
331;1,0
332;0,8611111111111112
333;0,6944444444444444
334;0,9722222222222222
335;0,9444444444444444
336;0,6944444444444444
337;0,2777777777777778
338;0,6944444444444444
339;0,027777777777777776
340;0,9444444444444444
341;0,7777777777777778
342;0,0
343;0,9722222222222222
344;0,05555555555555555
345;0,027777777777777776
346;0,027777777777777776
347;0,6944444444444444
348;0,0
349;0,027777777777777776
350;0,7222222222222222
351;0,9166666666666666
352;0,9166666666666666
353;0,0
354;0,6111111111111112
355;0,0
356;0,9166666666666666
357;0,5833333333333334
358;0,027777777777777776
359;0,2777777777777778
360;0,3888888888888889
361;0,8333333333333334
362;0,9444444444444444
363;0,9722222222222222
364;0,9722222222222222
365;0,7777777777777778
366;0,6944444444444444
367;0,9722222222222222
368;1,0
369;0,027777777777777776
370;1,0
371;0,9722222222222222
372;1,0
373;0,9444444444444444
374;0,6388888888888888
375;0,0
376;0,8611111111111112
377;0,3055555555555556
378;0,3333333333333333
379;0,2777777777777778
380;0,4166666666666667
381;0,9722222222222222
382;0,08333333333333333
383;0,05555555555555555
384;0,0
385;0,7222222222222222
386;0,0
387;0,0
388;0,1111111111111111
389;0,027777777777777776
390;0,6944444444444444
391;0,8888888888888888
392;0,5555555555555556
393;0,6944444444444444
394;0,0
395;0,7222222222222222
396;0,027777777777777776
397;0,08333333333333333
398;0,9444444444444444
399;0,0
400;0,9166666666666666
401;0,0
402;0,0
403;0,0
404;0,75
405;0,9444444444444444
406;0,027777777777777776
407;0,7777777777777778
408;0,6111111111111112
409;1,0
410;1,0
411;0,9444444444444444
412;0,5833333333333334
413;0,8333333333333334
414;0,0
415;0,2777777777777778
416;1,0
417;0,1111111111111111
418;0,0
419;0,9722222222222222
420;0,75
421;0,19444444444444445
422;0,027777777777777776
423;0,5277777777777778
424;1,0
425;0,9166666666666666
426;0,027777777777777776
427;0,9444444444444444
428;0,027777777777777776
429;0,8055555555555556
430;0,6111111111111112
431;1,0
432;0,5
433;0,0
434;0,0
435;0,08333333333333333
436;0,0
437;0,6388888888888888
438;0,9722222222222222
439;0,5
440;0,5833333333333334
441;0,8888888888888888
442;0,9444444444444444
443;0,027777777777777776
444;0,6666666666666666
445;0,6111111111111112
446;0,7222222222222222
447;0,0
448;0,8888888888888888
449;0,8333333333333334
450;0,5555555555555556
451;0,027777777777777776
452;0,0
453;0,6666666666666666
454;0,9722222222222222
455;0,3611111111111111
456;0,1111111111111111
457;0,3333333333333333
458;0,6944444444444444
459;0,0
460;0,75
461;0,9166666666666666
462;0,0
463;0,027777777777777776
464;0,1111111111111111
465;0,5277777777777778
466;1,0
467;0,0
468;0,0
469;0,1388888888888889
470;0,8055555555555556
471;0,3055555555555556
472;0,5555555555555556
473;0,0
474;0,027777777777777776
475;0,05555555555555555
476;0,9444444444444444
477;0,0
478;0,8611111111111112
479;0,05555555555555555
480;0,9444444444444444
481;0,5277777777777778
482;0,6944444444444444
483;0,8611111111111112
484;0,0
485;0,9722222222222222
486;0,9722222222222222
487;0,6666666666666666
488;0,8611111111111112
489;0,9444444444444444
490;0,0
491;0,1111111111111111
492;0,027777777777777776
493;0,25
494;0,2222222222222222
495;0,0
496;1,0
497;0,027777777777777776
498;0,0
499;0,6388888888888888
500;0,6944444444444444
501;0,8888888888888888
502;0,027777777777777776
503;0,0
504;0,3611111111111111
505;0,027777777777777776
506;0,9722222222222222
507;0,8055555555555556
508;1,0
509;0,1111111111111111
510;0,8611111111111112
511;0,027777777777777776
512;0,027777777777777776
513;0,1111111111111111
514;1,0
515;0,1111111111111111
516;0,5
517;0,9444444444444444
518;0,75
519;0,6944444444444444
520;0,2777777777777778
521;0,9166666666666666
522;0,027777777777777776
523;0,6944444444444444
524;0,027777777777777776
525;0,6111111111111112
526;0,9444444444444444
527;0,9166666666666666
528;0,0
529;0,9444444444444444
530;0,9444444444444444
531;0,4444444444444444
532;0,0
533;0,027777777777777776
534;0,6666666666666666
535;0,0
536;0,9444444444444444
537;0,027777777777777776
538;0,9444444444444444
539;0,2222222222222222
540;0,75
541;0,2222222222222222
542;0,08333333333333333
543;0,9722222222222222
544;0,027777777777777776
545;0,0
546;0,0
547;0,9444444444444444
548;0,05555555555555555
549;0,7777777777777778
550;0,1388888888888889
551;0,4166666666666667
552;0,19444444444444445
553;0,0
554;0,7222222222222222
555;0,5555555555555556
556;0,0
557;0,027777777777777776
558;0,2222222222222222
559;0,3055555555555556
560;0,0
561;0,9722222222222222
562;0,9722222222222222
563;0,9722222222222222
564;0,6944444444444444
565;0,027777777777777776
566;0,8055555555555556
567;0,0
568;0,6666666666666666
569;0,0
570;0,0
571;1,0
572;0,9444444444444444
573;0,5833333333333334
574;0,0
575;0,9722222222222222
576;0,9722222222222222
577;0,9444444444444444
578;0,1388888888888889
579;0,8888888888888888
580;0,5
581;0,6666666666666666
582;0,1388888888888889
583;0,9444444444444444
584;0,6666666666666666
585;0,9722222222222222
586;0,9722222222222222
587;0,5833333333333334
588;0,9722222222222222
589;0,75
590;0,9166666666666666
591;1,0
592;0,027777777777777776
593;0,9444444444444444
594;0,8611111111111112
595;0,7777777777777778
596;0,0
597;0,8611111111111112
598;0,9722222222222222
599;0,9444444444444444
600;0,8333333333333334
601;0,19444444444444445
602;0,0
603;0,8888888888888888
604;0,6111111111111112
605;0,0
606;0,9722222222222222
607;0,9444444444444444
608;0,0
609;0,6944444444444444
610;0,3333333333333333
611;0,0
612;0,0
613;0,7777777777777778
614;0,5
615;0,4444444444444444
616;0,2222222222222222
617;0,6944444444444444
618;0,3055555555555556
619;1,0
620;0,9722222222222222
621;0,0
622;0,9444444444444444
623;0,9722222222222222
624;0,027777777777777776
625;0,9722222222222222
626;0,8333333333333334
627;0,9722222222222222
628;0,9722222222222222
629;1,0
630;0,0
631;0,027777777777777776
632;0,2777777777777778
633;0,75
634;0,6388888888888888
635;0,8888888888888888
636;0,0
637;0,9722222222222222
638;0,027777777777777776
639;0,1111111111111111
640;0,5833333333333334
641;0,9444444444444444
642;0,8888888888888888
643;1,0
644;0,9444444444444444
645;0,8333333333333334
646;0,3055555555555556
647;0,6666666666666666
648;0,9444444444444444
649;0,9722222222222222
650;0,0
651;0,9722222222222222
652;1,0
653;0,027777777777777776
654;0,3055555555555556
655;0,9444444444444444
656;0,0
657;0,0
658;0,8611111111111112
659;0,7777777777777778
660;0,9722222222222222
661;0,1111111111111111
662;0,19444444444444445
663;0,8611111111111112
664;0,0
665;0,0
666;0,027777777777777776
667;0,3333333333333333
668;0,9444444444444444
669;0,0
670;0,0
671;0,9722222222222222
672;0,7777777777777778
673;0,08333333333333333
674;0,8055555555555556
675;0,7222222222222222
676;0,5555555555555556
677;0,2222222222222222
678;0,9166666666666666
679;0,6111111111111112
680;0,5555555555555556
681;0,9166666666666666
682;0,9166666666666666
683;0,6944444444444444
684;0,9722222222222222
685;0,05555555555555555
686;0,75
687;0,9722222222222222
688;0,0
689;0,0
690;0,9166666666666666
691;0,9444444444444444
692;0,8333333333333334
693;0,0
694;0,5
695;0,0
696;1,0
697;0,2777777777777778
698;0,8611111111111112
699;0,8055555555555556
700;0,6944444444444444
701;0,8888888888888888
702;0,5555555555555556
703;0,9722222222222222
704;0,16666666666666666
705;0,3611111111111111
706;0,9166666666666666
707;0,16666666666666666
708;0,0
709;0,0
710;0,7777777777777778
711;0,6944444444444444
712;0,027777777777777776
713;0,1388888888888889
714;0,6944444444444444
715;0,2777777777777778
716;0,6388888888888888
717;0,1388888888888889
718;0,8888888888888888
719;0,027777777777777776
720;0,6388888888888888
721;0,8333333333333334
722;0,0
723;0,8333333333333334
724;1,0
725;0,9444444444444444
726;0,5
727;0,9722222222222222
728;0,2777777777777778
729;0,8888888888888888
730;0,8055555555555556
731;0,9166666666666666
732;0,3333333333333333
733;0,19444444444444445
734;0,0
735;0,0
736;0,027777777777777776
737;0,7777777777777778
738;0,0
739;0,8055555555555556
740;0,8333333333333334
741;0,027777777777777776
742;0,0
743;0,6666666666666666
744;0,9722222222222222
745;0,8611111111111112
746;0,5277777777777778
747;0,6388888888888888
748;0,8888888888888888
749;0,9722222222222222
750;0,9444444444444444
751;0,9166666666666666
752;0,1111111111111111
753;0,0
754;0,5833333333333334
755;0,027777777777777776
756;0,6388888888888888
757;0,6388888888888888
758;0,8888888888888888
759;0,8611111111111112
760;0,7222222222222222
761;0,9722222222222222
762;0,3055555555555556
763;0,9444444444444444
764;0,3055555555555556
765;0,6944444444444444
766;0,0
767;0,2222222222222222
768;0,027777777777777776
769;0,05555555555555555
770;0,8333333333333334
771;0,0
772;0,4722222222222222
773;1,0
774;0,08333333333333333
775;0,5
776;0,9444444444444444
777;0,9722222222222222
778;0,3333333333333333
779;0,5
780;0,027777777777777776
781;0,7222222222222222
782;0,1388888888888889
783;0,027777777777777776
784;0,0
785;0,05555555555555555
786;0,19444444444444445
787;1,0
788;0,5833333333333334
789;0,05555555555555555
790;0,5
791;0,0
792;0,0
793;0,027777777777777776
794;0,9444444444444444
795;0,9444444444444444
796;0,0
797;0,8611111111111112
798;0,0
799;0,8055555555555556
800;0,9722222222222222
801;0,9166666666666666
802;1,0
803;0,6388888888888888
804;0,6388888888888888
805;0,027777777777777776
806;0,0
807;0,5555555555555556
808;0,8888888888888888
809;0,0
810;0,5
811;0,5555555555555556
812;0,08333333333333333
813;0,8611111111111112
814;0,6944444444444444
815;0,8333333333333334
816;0,5
817;0,9444444444444444
818;0,0
819;0,6944444444444444
820;1,0
821;0,0
822;0,2222222222222222
823;0,9166666666666666
824;0,8888888888888888
825;0,5833333333333334
826;0,027777777777777776
827;0,0
828;0,05555555555555555
829;0,4166666666666667
830;0,1111111111111111
831;0,0
832;0,5555555555555556
833;0,1388888888888889
834;0,0
835;0,1388888888888889
836;0,8888888888888888
837;0,8333333333333334
838;0,8333333333333334
839;0,0
840;1,0
841;0,027777777777777776
842;0,7222222222222222
843;0,8333333333333334
844;1,0
845;0,7777777777777778
846;0,9722222222222222
847;0,1111111111111111
848;1,0
849;0,0
850;0,8333333333333334
851;0,9722222222222222
852;0,9444444444444444
853;0,0
854;0,0
855;0,9444444444444444
856;0,7777777777777778
857;0,9166666666666666
858;0,8611111111111112
859;0,25
860;0,1111111111111111
861;0,2222222222222222
862;0,25
863;1,0
864;0,0
865;0,6944444444444444
866;0,25
867;0,027777777777777776
868;0,05555555555555555
869;0,6666666666666666
870;0,7222222222222222
871;0,2777777777777778
872;0,0
873;1,0
874;0,5555555555555556
875;0,027777777777777776
876;0,16666666666666666
877;0,7222222222222222
878;0,6666666666666666
879;0,0
880;0,9722222222222222
881;0,7222222222222222
882;0,027777777777777776
883;0,2222222222222222
884;0,9444444444444444
885;0,027777777777777776
886;0,9444444444444444
887;0,7222222222222222
888;0,2777777777777778
889;0,027777777777777776
890;0,027777777777777776
891;0,1388888888888889
892;1,0
893;0,7222222222222222
894;0,2222222222222222
895;0,6388888888888888
896;0,05555555555555555
897;0,0
898;0,0
899;0,1388888888888889
900;0,7777777777777778
901;0,0
902;0,0
903;0,3055555555555556
904;0,0
905;0,2222222222222222
906;0,6111111111111112
907;0,6944444444444444
908;0,75
909;0,05555555555555555
910;0,7777777777777778
911;0,027777777777777776
912;0,0
913;0,027777777777777776
914;0,1111111111111111
915;0,8611111111111112
916;0,9722222222222222
917;0,8888888888888888
918;0,3611111111111111
919;0,9444444444444444
920;0,7777777777777778
921;0,6111111111111112
922;0,0
923;0,0
924;0,6944444444444444
925;0,027777777777777776
926;0,16666666666666666
927;0,0
928;0,6666666666666666
929;0,0
930;0,9444444444444444
931;0,0
932;0,6388888888888888
933;0,1388888888888889
934;0,9444444444444444
935;0,6388888888888888
936;0,6111111111111112
937;0,0
938;0,5
939;0,027777777777777776
940;0,9722222222222222
941;0,8888888888888888
942;0,4166666666666667
943;0,027777777777777776
944;0,8055555555555556
945;0,027777777777777776
946;0,08333333333333333
947;0,9166666666666666
948;0,7222222222222222
949;0,027777777777777776
950;0,027777777777777776
951;0,25
952;0,0
953;0,027777777777777776
954;0,0
955;0,3055555555555556
956;0,9166666666666666
957;0,8888888888888888
958;0,0
959;0,8611111111111112
960;0,7222222222222222
961;0,9444444444444444
962;0,5833333333333334
963;0,75
964;0,8333333333333334
965;0,0
966;0,1388888888888889
967;0,5833333333333334
968;0,9722222222222222
969;0,75
970;0,2222222222222222
971;0,9722222222222222
972;0,4166666666666667
973;0,027777777777777776
974;0,7222222222222222
975;0,7777777777777778
976;0,0
977;0,5833333333333334
978;0,027777777777777776
979;0,05555555555555555
980;0,0
981;0,0
982;0,2222222222222222
983;0,9444444444444444
984;0,6111111111111112
985;1,0
986;0,9166666666666666
987;0,7777777777777778
988;0,2222222222222222
989;0,5
990;0,1388888888888889
991;0,9722222222222222
992;0,7777777777777778
993;0,1111111111111111
994;0,9444444444444444
995;0,9444444444444444
996;0,6666666666666666
997;0,9722222222222222
998;0,05555555555555555
999;0,0
1000;0,7777777777777778
1001;0,0
1002;0,027777777777777776
1003;0,027777777777777776
1004;0,9444444444444444
1005;0,9166666666666666
1006;0,0
1007;0,08333333333333333
1008;0,8888888888888888
1009;0,0
1010;0,9444444444444444
1011;0,0
1012;0,0
1013;0,1388888888888889
1014;0,7222222222222222
1015;0,0
1016;0,027777777777777776
1017;1,0
1018;0,6944444444444444
1019;0,9166666666666666
1020;0,2222222222222222
1021;0,9444444444444444
1022;0,1111111111111111
1023;0,027777777777777776
1024;1,0
1025;0,3055555555555556
1026;0,9722222222222222
1027;0,9444444444444444
1028;0,0
1029;0,6944444444444444
1030;0,6944444444444444
1031;0,027777777777777776
1032;0,9444444444444444
1033;0,9722222222222222
1034;0,8333333333333334
1035;0,8333333333333334
1036;0,0
1037;0,9166666666666666
1038;0,0
1039;0,9444444444444444
1040;0,9722222222222222
1041;0,0
1042;0,0
1043;0,8888888888888888
1044;0,08333333333333333
1045;0,2222222222222222
1046;0,7222222222222222
1047;0,9722222222222222
1048;0,4166666666666667
1049;0,6666666666666666
1050;0,8055555555555556
1051;0,8055555555555556
1052;0,7222222222222222
1053;0,9166666666666666
1054;0,05555555555555555
1055;0,1111111111111111
1056;0,0
1057;0,2222222222222222
1058;0,0
1059;0,8055555555555556
1060;0,2777777777777778
1061;0,4166666666666667
1062;0,6111111111111112
1063;0,9166666666666666
1064;0,8888888888888888
1065;1,0
1066;0,8055555555555556
1067;0,1111111111111111
1068;0,0
1069;0,25
1070;0,027777777777777776
1071;1,0
1072;0,7777777777777778
1073;0,4166666666666667
1074;0,4166666666666667
1075;0,1111111111111111
1076;0,9722222222222222
1077;0,6666666666666666
1078;1,0
1079;0,0
1080;0,027777777777777776
1081;1,0
1082;0,6111111111111112
1083;0,5277777777777778
1084;0,1388888888888889
1085;0,75
1086;0,9166666666666666
1087;0,8333333333333334
1088;0,9722222222222222
1089;0,027777777777777776
1090;0,8333333333333334
1091;0,2222222222222222
1092;0,8333333333333334
1093;0,0
1094;0,1111111111111111
1095;0,4166666666666667
1096;0,1111111111111111
1097;0,3611111111111111
1098;0,6388888888888888
1099;0,2777777777777778
1100;0,8611111111111112
1101;0,6666666666666666
1102;0,9722222222222222
1103;0,9722222222222222
1104;0,3611111111111111
1105;0,9444444444444444
1106;0,5833333333333334
1107;0,6944444444444444
1108;0,027777777777777776
1109;0,9722222222222222
1110;0,9722222222222222
1111;0,0
1112;0,7777777777777778
1113;0,1388888888888889
1114;0,05555555555555555
1115;0,5833333333333334
1116;0,5
1117;0,1388888888888889
1118;0,8888888888888888
1119;0,9444444444444444
1120;0,027777777777777776
1121;0,6388888888888888
1122;0,9722222222222222
1123;0,3611111111111111
1124;0,1388888888888889
1125;0,05555555555555555
1126;0,05555555555555555
1127;0,7222222222222222
1128;0,0
1129;0,0
1130;0,3333333333333333
1131;0,0
1132;0,8611111111111112
1133;0,1388888888888889
1134;0,9444444444444444
1135;0,027777777777777776
1136;0,9444444444444444
1137;0,16666666666666666
1138;0,0
1139;0,5
1140;0,0
1141;0,9722222222222222
1142;0,6111111111111112
1143;0,16666666666666666
1144;1,0
1145;0,5
1146;0,027777777777777776
1147;0,05555555555555555
1148;0,16666666666666666
1149;0,0
1150;0,5
1151;1,0
1152;0,3888888888888889
1153;0,9444444444444444
1154;0,05555555555555555
1155;0,0
1156;0,0
1157;0,5277777777777778
1158;0,0
1159;0,75
1160;0,0
1161;0,0
1162;0,08333333333333333
1163;0,0
1164;0,9722222222222222
1165;0,8055555555555556
1166;0,9722222222222222
1167;0,027777777777777776
1168;0,25
1169;0,9444444444444444
1170;0,0
1171;0,9722222222222222
1172;0,9722222222222222
1173;0,9722222222222222
1174;0,027777777777777776
1175;0,05555555555555555
1176;0,0
1177;0,6944444444444444
1178;0,5555555555555556
1179;0,2777777777777778
1180;0,1111111111111111
1181;0,6666666666666666
1182;0,1111111111111111
1183;0,0
1184;1,0
1185;0,0
1186;0,6388888888888888
1187;0,0
1188;0,9444444444444444
1189;0,25
1190;0,4722222222222222
1191;0,8333333333333334
1192;0,027777777777777776
1193;0,0
1194;0,027777777777777776
1195;0,0
1196;0,8888888888888888
1197;0,6944444444444444
1198;0,5
1199;1,0
1200;0,9722222222222222
1201;0,5833333333333334
1202;0,6944444444444444
1203;0,75
1204;0,7222222222222222
1205;0,8055555555555556
1206;0,2222222222222222
1207;0,9166666666666666
1208;0,2777777777777778
1209;0,0
1210;1,0
1211;0,05555555555555555
1212;0,05555555555555555
1213;0,6666666666666666
1214;0,2222222222222222
1215;0,9722222222222222
1216;0,2222222222222222
1217;0,027777777777777776
1218;0,9166666666666666
1219;0,2222222222222222
1220;0,6666666666666666
1221;0,7222222222222222
1222;0,6944444444444444
1223;1,0
1224;0,7777777777777778
1225;0,2777777777777778
1226;0,75
1227;0,1111111111111111
1228;0,6388888888888888
1229;0,05555555555555555
1230;0,6111111111111112
1231;0,0
1232;0,9166666666666666
1233;0,6388888888888888
1234;0,0
1235;0,1388888888888889
1236;0,1111111111111111
1237;0,0
1238;0,9166666666666666
1239;0,19444444444444445
1240;0,6944444444444444
1241;0,4444444444444444
1242;0,9444444444444444
1243;0,0
1244;0,9444444444444444
1245;0,8333333333333334
1246;0,027777777777777776
1247;0,0
1248;0,8055555555555556
1249;0,2777777777777778
1250;0,75
1251;0,027777777777777776
1252;0,027777777777777776
1253;0,3055555555555556
1254;0,2222222222222222
1255;1,0
1256;0,0
1257;0,9722222222222222
1258;0,0
1259;0,16666666666666666
1260;0,9722222222222222
1261;0,0
1262;0,6944444444444444
1263;1,0
1264;0,8611111111111112
1265;0,9166666666666666
1266;0,9722222222222222
1267;0,9166666666666666
1268;0,16666666666666666
1269;0,9166666666666666
1270;0,9722222222222222
1271;0,3888888888888889
1272;0,4166666666666667
1273;0,2777777777777778
1274;0,05555555555555555
1275;0,4166666666666667
1276;0,027777777777777776
1277;0,25
1278;0,7777777777777778
1279;0,0
1280;0,6111111111111112
1281;0,2777777777777778
1282;0,08333333333333333
1283;0,4722222222222222
1284;0,5
1285;1,0
1286;0,027777777777777776
1287;0,7222222222222222
1288;0,9166666666666666
1289;0,8333333333333334
1290;0,7222222222222222
1291;0,8611111111111112
1292;0,027777777777777776
1293;0,2222222222222222
1294;0,8333333333333334
1295;0,5277777777777778
1296;0,9444444444444444
1297;0,8888888888888888
1298;0,6944444444444444
1299;0,9722222222222222
1300;0,8888888888888888
1301;0,8333333333333334
1302;0,0
1303;1,0
1304;0,25
1305;0,0
1306;0,027777777777777776
1307;1,0
1308;0,0
1309;0,7222222222222222
1310;0,0
1311;0,8055555555555556
1312;0,2222222222222222
1313;0,6111111111111112
1314;0,0
1315;0,9722222222222222
1316;0,027777777777777776
1317;0,7777777777777778
1318;0,027777777777777776
1319;0,7777777777777778
1320;0,6666666666666666
1321;0,7222222222222222
1322;0,8611111111111112
1323;0,027777777777777776
1324;0,0
1325;0,16666666666666666
1326;0,2222222222222222
1327;0,5555555555555556
1328;0,2222222222222222
1329;0,7777777777777778
1330;0,05555555555555555
1331;0,8055555555555556
1332;0,2222222222222222
1333;0,8888888888888888
1334;0,05555555555555555
1335;1,0
1336;0,027777777777777776
1337;0,4166666666666667
1338;0,0
1339;0,027777777777777776
1340;0,3333333333333333
1341;0,0
1342;0,3055555555555556
1343;0,9722222222222222
1344;0,027777777777777776
1345;0,3611111111111111
1346;0,0
1347;0,05555555555555555
1348;0,4166666666666667
1349;0,3055555555555556
1350;0,8611111111111112
1351;0,08333333333333333
1352;0,8333333333333334
1353;0,5
1354;0,8333333333333334
1355;1,0
1356;0,5833333333333334
1357;0,0
1358;0,0
1359;0,4444444444444444
1360;0,75
1361;0,1111111111111111
1362;0,9444444444444444
1363;0,9444444444444444
1364;0,6944444444444444
1365;0,0
1366;0,7222222222222222
1367;0,5555555555555556
1368;0,05555555555555555
1369;0,75
1370;0,05555555555555555
1371;0,8055555555555556
1372;0,3888888888888889
1373;0,2777777777777778
1374;0,0
1375;0,0
1376;0,0
1377;0,9444444444444444
1378;0,0
1379;0,75
1380;1,0
1381;0,6944444444444444
1382;0,8611111111111112
1383;0,0
1384;0,9722222222222222
1385;0,5555555555555556
1386;0,05555555555555555
1387;0,7222222222222222
1388;0,08333333333333333
1389;0,3055555555555556
1390;0,2777777777777778
1391;0,9722222222222222
1392;0,0
1393;0,8611111111111112
1394;0,9166666666666666
1395;1,0
1396;0,5833333333333334
1397;0,0
1398;0,0
1399;0,9166666666666666
1400;0,0
1401;0,7777777777777778
1402;0,75
1403;0,0
1404;0,9722222222222222
1405;0,0
1406;0,2222222222222222
1407;0,2222222222222222
1408;0,9166666666666666
1409;0,25
1410;0,0
1411;0,9166666666666666
1412;0,8888888888888888
1413;0,6944444444444444
1414;0,0
1415;0,75
1416;0,75
1417;0,4166666666666667
1418;0,05555555555555555
1419;0,1111111111111111
1420;0,1388888888888889
1421;0,1388888888888889
1422;0,9166666666666666
1423;1,0
1424;0,8611111111111112
1425;0,9722222222222222
1426;0,0
1427;0,9444444444444444
1428;0,75
1429;0,8611111111111112
1430;0,0
1431;0,25
1432;0,75
1433;0,8888888888888888
1434;0,7222222222222222
1435;0,9166666666666666
1436;0,9166666666666666
1437;0,08333333333333333
1438;0,0
1439;0,9444444444444444
1440;0,3333333333333333
1441;0,0
1442;0,3055555555555556
1443;0,5
1444;0,05555555555555555
1445;0,9444444444444444
1446;0,7777777777777778
1447;0,5833333333333334
1448;0,9166666666666666
1449;0,9444444444444444
1450;0,027777777777777776
1451;0,027777777777777776
1452;0,1388888888888889
1453;0,6944444444444444
1454;0,8888888888888888
1455;0,9166666666666666
1456;0,9444444444444444
1457;0,9444444444444444
1458;0,7222222222222222
1459;0,7777777777777778
1460;0,0
1461;0,8611111111111112
1462;0,3611111111111111
1463;0,3055555555555556
1464;0,9166666666666666
1465;0,3888888888888889
1466;0,1111111111111111
1467;0,8333333333333334
1468;0,0
1469;0,0
1470;0,9166666666666666
1471;0,9444444444444444
1472;0,9722222222222222
1473;0,8333333333333334
1474;1,0
1475;0,8611111111111112
1476;0,9722222222222222
1477;0,1111111111111111
1478;1,0
1479;0,4722222222222222
1480;0,5833333333333334
1481;0,8611111111111112
1482;0,0
1483;0,7222222222222222
1484;0,9722222222222222
1485;0,8055555555555556
1486;0,9444444444444444
1487;0,027777777777777776
1488;0,027777777777777776
1489;0,1111111111111111
1490;0,5
1491;0,9722222222222222
1492;0,027777777777777776
1493;0,6111111111111112
1494;0,08333333333333333
1495;0,0
1496;0,5
1497;0,027777777777777776
1498;1,0
1499;0,9444444444444444
1500;0,9166666666666666
1501;0,7777777777777778
1502;0,16666666666666666
1503;0,2222222222222222
1504;0,027777777777777776
1505;0,9444444444444444
1506;0,7222222222222222
1507;0,3333333333333333
1508;0,9166666666666666
1509;0,0
1510;0,027777777777777776
1511;0,6388888888888888
1512;0,8888888888888888
1513;0,0
1514;0,19444444444444445
1515;0,6944444444444444
1516;0,0
1517;0,08333333333333333
1518;0,027777777777777776
1519;0,1388888888888889
1520;0,0
1521;0,9444444444444444
1522;0,1388888888888889
1523;0,1111111111111111
1524;0,9166666666666666
1525;0,027777777777777776
1526;0,75
1527;0,9444444444444444
1528;0,9444444444444444
1529;0,6944444444444444
1530;0,0
1531;0,75
1532;0,3055555555555556
1533;0,3888888888888889
1534;0,9444444444444444
1535;0,0
1536;0,6111111111111112
1537;0,0
1538;0,5555555555555556
1539;0,6944444444444444
1540;0,9444444444444444
1541;0,6111111111111112
1542;0,0
1543;0,75
1544;0,0
1545;0,9166666666666666
1546;0,6944444444444444
1547;0,6944444444444444
1548;0,0
1549;0,027777777777777776
1550;0,7777777777777778
1551;1,0
1552;0,0
1553;0,1388888888888889
1554;0,2777777777777778
1555;1,0
1556;0,0
1557;1,0
1558;0,0
1559;0,9722222222222222
1560;0,9166666666666666
1561;0,9444444444444444
1562;0,3611111111111111
1563;0,75
1564;0,3055555555555556
1565;0,19444444444444445
1566;0,9722222222222222
1567;0,6944444444444444
1568;0,25
1569;0,0
1570;0,8333333333333334
1571;0,9166666666666666
1572;0,0
1573;0,3055555555555556
1574;0,0
1575;0,7222222222222222
1576;0,1111111111111111
1577;0,027777777777777776
1578;0,9722222222222222
1579;0,9444444444444444
1580;0,2777777777777778
1581;0,0
1582;0,0
1583;0,05555555555555555
1584;0,5833333333333334
1585;0,6388888888888888
1586;0,6944444444444444
1587;0,6944444444444444
1588;0,0
1589;0,0
1590;0,0
1591;0,8055555555555556
1592;0,2777777777777778
1593;0,8333333333333334
1594;0,027777777777777776
1595;0,5277777777777778
1596;0,9444444444444444
1597;0,027777777777777776
1598;0,05555555555555555
1599;0,0
1600;0,0
1601;0,0
1602;0,027777777777777776
1603;0,0
1604;0,8611111111111112
1605;0,9444444444444444
1606;0,0
1607;0,0
1608;0,25
1609;0,3333333333333333
1610;0,3888888888888889
1611;0,9444444444444444
1612;0,7777777777777778
1613;0,0
1614;0,8611111111111112
1615;0,9166666666666666
1616;1,0
1617;0,027777777777777776
1618;0,027777777777777776
1619;0,0
1620;0,5833333333333334
1621;0,7222222222222222
1622;0,027777777777777776
1623;0,2777777777777778
1624;0,8055555555555556
1625;0,19444444444444445
1626;0,05555555555555555
1627;1,0
1628;0,1388888888888889
1629;0,8055555555555556
1630;1,0
1631;0,3055555555555556
1632;0,027777777777777776
1633;0,1388888888888889
1634;0,6944444444444444
1635;0,9166666666666666
1636;0,8611111111111112
1637;0,3333333333333333
1638;0,3888888888888889
1639;0,9444444444444444
1640;0,2777777777777778
1641;0,0
1642;0,9722222222222222
1643;0,7222222222222222
1644;0,9166666666666666
1645;0,8333333333333334
1646;0,4166666666666667
1647;0,1111111111111111
1648;0,0
1649;0,7222222222222222
1650;1,0
1651;0,0
1652;0,0
1653;0,0
1654;0,027777777777777776
1655;0,5555555555555556
1656;0,4166666666666667
1657;0,75
1658;0,2777777777777778
1659;0,9444444444444444
1660;0,9166666666666666
1661;0,8055555555555556
1662;0,9722222222222222
1663;0,9444444444444444
1664;0,027777777777777776
1665;0,9722222222222222
1666;0,2777777777777778
1667;0,0
1668;1,0
1669;0,6944444444444444
1670;0,6111111111111112
1671;0,027777777777777776
1672;0,8888888888888888
1673;0,9444444444444444
1674;0,1111111111111111
1675;0,3333333333333333
1676;0,6944444444444444
1677;0,16666666666666666
1678;0,027777777777777776
1679;0,8611111111111112
1680;1,0
1681;0,9166666666666666
1682;0,6111111111111112
1683;0,6111111111111112
1684;0,0
1685;0,4722222222222222
1686;0,0
1687;1,0
1688;0,0
1689;0,6111111111111112
1690;0,8888888888888888
1691;0,16666666666666666
1692;0,6666666666666666
1693;0,75
1694;0,6944444444444444
1695;0,1388888888888889
1696;0,1388888888888889
1697;0,9166666666666666
1698;0,027777777777777776
1699;1,0
1700;0,9722222222222222
1701;0,9444444444444444
1702;0,2777777777777778
1703;1,0
1704;0,027777777777777776
1705;0,25
1706;0,9166666666666666
1707;0,5277777777777778
1708;0,7222222222222222
1709;0,8611111111111112
1710;0,4166666666666667
1711;0,75
1712;0,6666666666666666
1713;0,7222222222222222
1714;0,9722222222222222
1715;0,0
1716;1,0
1717;0,4722222222222222
1718;0,3055555555555556
1719;0,9444444444444444
1720;0,8333333333333334
1721;0,027777777777777776
1722;0,0
1723;0,7222222222222222
1724;0,9444444444444444
1725;0,0
1726;0,9444444444444444
1727;0,6666666666666666
1728;0,75
1729;0,027777777777777776
1730;0,5
1731;0,8333333333333334
1732;0,0
1733;0,1388888888888889
1734;0,7777777777777778
1735;0,6388888888888888
1736;1,0
1737;0,027777777777777776
1738;0,5833333333333334
1739;0,0
1740;0,5833333333333334
1741;0,2777777777777778
1742;0,75
1743;0,027777777777777776
1744;0,027777777777777776
1745;0,05555555555555555
1746;0,6111111111111112
1747;0,8611111111111112
1748;0,8055555555555556
1749;0,25
1750;0,0
1751;0,9444444444444444
1752;0,9722222222222222
1753;0,7777777777777778
1754;0,0
1755;0,027777777777777776
1756;0,25
1757;0,6388888888888888
1758;0,8888888888888888
1759;0,5277777777777778
1760;0,9444444444444444
1761;0,0
1762;0,7777777777777778
1763;0,0
1764;0,3333333333333333
1765;0,6666666666666666
1766;0,4444444444444444
1767;0,0
1768;0,75
1769;0,027777777777777776
1770;0,2222222222222222
1771;0,027777777777777776
1772;0,0
1773;0,8611111111111112
1774;0,2777777777777778
1775;0,08333333333333333
1776;0,7222222222222222
1777;0,9722222222222222
1778;0,2222222222222222
1779;0,75
1780;0,2777777777777778
1781;1,0
1782;0,0
1783;0,0
1784;0,0
1785;0,9444444444444444
1786;0,0
1787;0,6944444444444444
1788;0,0
1789;0,0
1790;1,0
1791;0,9722222222222222
1792;0,6944444444444444
1793;0,25
1794;0,2777777777777778
1795;0,9722222222222222
1796;0,5555555555555556
1797;0,027777777777777776
1798;0,027777777777777776
1799;0,2777777777777778
1800;0,2222222222222222
1801;0,7222222222222222
1802;0,9722222222222222
1803;0,8333333333333334
1804;0,3611111111111111
1805;0,3333333333333333
1806;0,9444444444444444
1807;0,6111111111111112
1808;0,9722222222222222
1809;0,0
1810;0,9722222222222222
1811;0,7222222222222222
1812;0,5555555555555556
1813;0,5833333333333334
1814;0,6666666666666666
1815;0,0
1816;0,3333333333333333
1817;0,8888888888888888
1818;0,0
1819;0,0
1820;0,9444444444444444
1821;0,9166666666666666
1822;0,9444444444444444
1823;0,9722222222222222
1824;0,19444444444444445
1825;0,8333333333333334
1826;0,8333333333333334
1827;0,8888888888888888
1828;0,0
1829;0,6944444444444444
1830;0,6944444444444444
1831;0,2777777777777778
1832;1,0
1833;0,9722222222222222
1834;0,2222222222222222
1835;0,9166666666666666
1836;0,027777777777777776
1837;0,0
1838;0,75
1839;0,0
1840;0,8611111111111112
1841;0,9722222222222222
1842;0,6388888888888888
1843;0,2222222222222222
1844;0,9444444444444444
1845;0,08333333333333333
1846;0,027777777777777776
1847;0,05555555555555555
1848;0,0
1849;1,0
1850;0,6666666666666666
1851;0,5277777777777778
1852;0,8055555555555556
1853;1,0
1854;0,8611111111111112
1855;0,5
1856;0,1388888888888889
1857;0,0
1858;0,0
1859;0,9444444444444444
1860;0,75
1861;0,0
1862;0,2222222222222222
1863;0,8888888888888888
1864;1,0
1865;0,027777777777777776
1866;0,9722222222222222
1867;0,3055555555555556
1868;0,8333333333333334
1869;0,75
1870;0,25
1871;0,9166666666666666
1872;0,4166666666666667
1873;0,0
1874;0,7777777777777778
1875;0,25
1876;0,9444444444444444
1877;0,6944444444444444
1878;1,0
1879;0,0
1880;0,5
1881;0,0
1882;0,9166666666666666
1883;0,9722222222222222
1884;0,05555555555555555
1885;0,0
1886;0,6944444444444444
1887;0,7777777777777778
1888;0,0
1889;0,1388888888888889
1890;0,0
1891;0,2777777777777778
1892;0,0
1893;0,7777777777777778
1894;0,5555555555555556
1895;1,0
1896;0,027777777777777776
1897;0,1111111111111111
1898;0,9722222222222222
1899;0,8611111111111112
1900;0,3333333333333333
1901;1,0
1902;0,7222222222222222
1903;0,75
1904;1,0
1905;0,8888888888888888
1906;0,9444444444444444
1907;0,8888888888888888
1908;0,9444444444444444
1909;0,0
1910;0,9444444444444444
1911;0,05555555555555555
1912;0,0
1913;1,0
1914;0,027777777777777776
1915;0,4166666666666667
1916;0,9444444444444444
1917;0,5833333333333334
1918;0,3333333333333333
1919;0,6666666666666666
1920;0,5833333333333334
1921;0,6944444444444444
1922;0,0
1923;0,9166666666666666
1924;0,9444444444444444
1925;0,0
1926;0,9722222222222222
1927;0,3333333333333333
1928;0,05555555555555555
1929;0,6944444444444444
1930;0,8611111111111112
1931;0,9722222222222222
1932;0,8888888888888888
1933;0,0
1934;0,7777777777777778
1935;0,8611111111111112
1936;0,9444444444444444
1937;0,9444444444444444
1938;0,05555555555555555
1939;0,9722222222222222
1940;0,9722222222222222
1941;1,0
1942;0,0
1943;0,9444444444444444
1944;0,8888888888888888
1945;0,9722222222222222
1946;1,0
1947;0,25
1948;0,6944444444444444
1949;0,8055555555555556
1950;0,6666666666666666
1951;0,0
1952;0,7777777777777778
1953;0,027777777777777776
1954;0,027777777777777776
1955;0,8888888888888888
1956;0,9444444444444444
1957;0,9722222222222222
1958;0,3333333333333333
1959;0,0
1960;0,2777777777777778
1961;1,0
1962;0,0
1963;0,0
1964;0,7777777777777778
1965;0,16666666666666666
1966;0,6666666666666666
1967;0,6944444444444444
1968;0,6388888888888888
1969;0,3055555555555556
1970;0,6666666666666666
1971;0,9722222222222222
1972;0,8888888888888888
1973;0,8333333333333334
1974;0,3055555555555556
1975;0,3888888888888889
1976;0,0
1977;0,3333333333333333
1978;0,4722222222222222
1979;0,19444444444444445
1980;0,7222222222222222
1981;0,2777777777777778
1982;0,0
1983;0,9444444444444444
1984;0,0
1985;0,9444444444444444
1986;0,0
1987;0,8333333333333334
1988;0,8888888888888888
1989;0,8888888888888888
1990;0,0
1991;0,0
1992;0,0
1993;0,027777777777777776
1994;0,6944444444444444
1995;0,0
1996;0,9166666666666666
1997;0,05555555555555555
1998;0,027777777777777776
1999;0,5
2000;0,9722222222222222
2001;0,7222222222222222
2002;0,9166666666666666
2003;0,6944444444444444
2004;0,9166666666666666
2005;1,0
2006;0,9722222222222222
2007;0,9722222222222222
2008;0,0
2009;1,0
2010;0,9444444444444444
2011;0,0
2012;0,7777777777777778
2013;0,8333333333333334
2014;0,0
2015;0,2777777777777778
2016;0,9166666666666666
2017;0,8055555555555556
2018;0,027777777777777776
2019;0,0
2020;0,6944444444444444
2021;0,8333333333333334
2022;0,7222222222222222
2023;0,0
2024;0,6111111111111112
2025;0,9444444444444444
2026;0,0
2027;0,9166666666666666
2028;0,1111111111111111
2029;0,2222222222222222
2030;0,0
2031;0,0
2032;0,8055555555555556
2033;0,8055555555555556
2034;0,9444444444444444
2035;0,25
2036;1,0
2037;0,75
2038;0,2222222222222222
2039;0,2222222222222222
2040;0,7777777777777778
2041;0,0
2042;0,7777777777777778
2043;0,8333333333333334
2044;0,027777777777777776
2045;0,6666666666666666
2046;0,9166666666666666
2047;0,0
2048;1,0
2049;0,7777777777777778
2050;0,8611111111111112
2051;0,5555555555555556
2052;0,0
2053;0,25
2054;0,75
2055;0,9444444444444444
2056;0,8611111111111112
2057;0,3888888888888889
2058;0,5
2059;0,6666666666666666
2060;0,0
2061;0,7222222222222222
2062;0,9444444444444444
2063;0,9444444444444444
2064;0,8333333333333334
2065;0,05555555555555555
2066;0,9722222222222222
2067;0,0
2068;0,6944444444444444
2069;0,9444444444444444
2070;0,5277777777777778
2071;0,0
2072;0,9722222222222222
2073;0,0
2074;0,0
2075;0,0
2076;0,0
2077;0,08333333333333333
2078;0,5555555555555556
2079;0,6944444444444444
2080;0,05555555555555555
2081;1,0
2082;0,9722222222222222
2083;0,8888888888888888
2084;0,7777777777777778
2085;0,8611111111111112
2086;0,5555555555555556
2087;0,9722222222222222
2088;0,08333333333333333
2089;0,9444444444444444
2090;1,0
2091;0,0
2092;0,4166666666666667
2093;0,3888888888888889
2094;0,19444444444444445
2095;0,9722222222222222
2096;0,9722222222222222
2097;0,05555555555555555
2098;0,25
2099;0,0
2100;0,9722222222222222
2101;0,0
2102;0,05555555555555555
2103;0,0
2104;0,0
2105;0,1388888888888889
2106;0,7222222222222222
2107;0,08333333333333333
2108;0,0
2109;0,8888888888888888
2110;0,0
2111;0,6666666666666666
2112;0,9444444444444444
2113;0,3888888888888889
2114;0,9444444444444444
2115;0,0
2116;0,0
2117;0,8888888888888888
2118;1,0
2119;0,9722222222222222
2120;0,0
2121;0,0
2122;0,027777777777777776
2123;0,16666666666666666
2124;0,027777777777777776
2125;0,9444444444444444
2126;0,2222222222222222
2127;1,0
2128;0,0
2129;0,9722222222222222
2130;0,0
2131;0,4166666666666667
2132;0,6944444444444444
2133;0,1388888888888889
2134;0,027777777777777776
2135;0,2777777777777778
2136;0,0
2137;0,4444444444444444
2138;0,0
2139;0,8333333333333334
2140;1,0
2141;0,6666666666666666
2142;0,0
2143;0,027777777777777776
2144;0,027777777777777776
2145;1,0
2146;1,0
2147;0,7222222222222222
2148;0,19444444444444445
2149;0,9166666666666666
2150;0,08333333333333333
2151;0,8333333333333334
2152;0,9444444444444444
2153;0,0
2154;0,7777777777777778
2155;0,9166666666666666
2156;0,5
2157;0,0
2158;0,7222222222222222
2159;0,5833333333333334
2160;0,1388888888888889
2161;0,2777777777777778
2162;0,2222222222222222
2163;0,3888888888888889
2164;0,2222222222222222
2165;0,8611111111111112
2166;0,75
2167;0,0
2168;0,2777777777777778
2169;0,0
2170;0,0
2171;0,0
2172;0,8888888888888888
2173;0,9722222222222222
2174;0,9444444444444444
2175;0,3611111111111111
2176;0,7777777777777778
2177;0,8611111111111112
2178;0,8333333333333334
2179;0,6944444444444444
2180;0,6944444444444444
2181;0,9722222222222222
2182;0,2222222222222222
2183;0,08333333333333333
2184;0,7777777777777778
2185;0,8888888888888888
2186;0,0
2187;0,7777777777777778
2188;0,2777777777777778
2189;0,4166666666666667
2190;0,0
2191;0,027777777777777776
2192;0,0
2193;0,75
2194;0,25
2195;0,027777777777777776
2196;0,0
2197;0,8888888888888888
2198;0,027777777777777776
2199;0,6666666666666666
2200;0,8888888888888888
2201;0,05555555555555555
2202;0,1388888888888889
2203;0,9444444444444444
2204;0,8055555555555556
2205;1,0
2206;0,027777777777777776
2207;0,0
2208;0,9444444444444444
2209;0,9444444444444444
2210;0,6666666666666666
2211;0,9722222222222222
2212;0,6944444444444444
2213;0,027777777777777776
2214;1,0
2215;0,8611111111111112
2216;1,0
2217;0,1388888888888889
2218;0,0
2219;0,027777777777777776
2220;0,7222222222222222
2221;0,0
2222;0,2777777777777778
2223;0,6944444444444444
2224;1,0
2225;0,9722222222222222
2226;0,0
2227;0,0
2228;0,9722222222222222
2229;0,7222222222222222
2230;0,2777777777777778
2231;0,5833333333333334
2232;0,9444444444444444
2233;0,9722222222222222
2234;0,8611111111111112
2235;0,16666666666666666
2236;0,9444444444444444
2237;0,8888888888888888
2238;0,1388888888888889
2239;0,9722222222222222
2240;0,6944444444444444
2241;0,0
2242;0,9722222222222222
2243;0,9444444444444444
2244;0,0
2245;0,6944444444444444
2246;0,9444444444444444
2247;0,05555555555555555
2248;0,0
2249;0,5
2250;0,0
2251;1,0
2252;0,8611111111111112
2253;0,0
2254;0,8888888888888888
2255;0,9444444444444444
2256;0,4722222222222222
2257;0,8333333333333334
2258;0,5
2259;0,75
2260;0,0
2261;0,0
2262;0,0
2263;0,0
2264;0,75
2265;0,6944444444444444
2266;0,9444444444444444
2267;0,8611111111111112
2268;0,6944444444444444
2269;0,8611111111111112
2270;0,0
2271;0,0
2272;0,1111111111111111
2273;0,0
2274;0,0
2275;0,1388888888888889
2276;0,2222222222222222
2277;0,7222222222222222
2278;1,0
2279;0,027777777777777776
2280;0,0
2281;0,9722222222222222
2282;0,0
2283;0,0
2284;0,9444444444444444
2285;0,0
2286;0,9722222222222222
2287;0,9444444444444444
2288;0,5
2289;0,0
2290;0,9722222222222222
2291;0,9444444444444444
2292;0,9722222222222222
2293;0,3333333333333333
2294;0,0
2295;0,9444444444444444
2296;0,9722222222222222
2297;0,8611111111111112
2298;0,2222222222222222
2299;0,0
2300;0,027777777777777776
2301;0,027777777777777776
2302;0,3055555555555556
2303;0,9722222222222222
2304;1,0
2305;0,9444444444444444
2306;0,9722222222222222
2307;0,75
2308;0,3055555555555556
2309;0,75
2310;0,75
2311;0,5555555555555556
2312;0,9444444444444444
2313;0,2222222222222222
2314;0,0
2315;0,7777777777777778
2316;0,9444444444444444
2317;0,0
2318;0,7222222222222222
2319;0,0
2320;0,8888888888888888
2321;1,0
2322;0,9722222222222222
2323;0,19444444444444445
2324;0,0
2325;0,9722222222222222
2326;0,6388888888888888
2327;0,8611111111111112
2328;0,9722222222222222
2329;0,9444444444444444
2330;0,9444444444444444
2331;0,75
2332;0,027777777777777776
2333;0,0
2334;0,0
2335;0,6944444444444444
2336;0,9166666666666666
2337;0,0
2338;0,8055555555555556
2339;0,9722222222222222
2340;0,027777777777777776
2341;0,0
2342;0,1388888888888889
2343;0,8333333333333334
2344;0,0
2345;0,5277777777777778
2346;0,5555555555555556
2347;0,5555555555555556
2348;0,9166666666666666
2349;1,0
2350;0,0
2351;1,0
2352;0,0
2353;0,7777777777777778
2354;0,0
2355;0,0
2356;0,0
2357;0,0
2358;0,9166666666666666
2359;0,6666666666666666
2360;0,0
2361;0,0
2362;0,0
2363;1,0
2364;0,6666666666666666
2365;0,5
2366;0,027777777777777776
2367;1,0
2368;0,1388888888888889
2369;0,0
2370;0,0
2371;0,0
2372;0,9722222222222222
2373;0,6388888888888888
2374;0,6944444444444444
2375;0,8333333333333334
2376;0,0
2377;0,8333333333333334
2378;0,7222222222222222
2379;0,5833333333333334
2380;0,6944444444444444
2381;0,027777777777777776
2382;0,6944444444444444
2383;0,05555555555555555
2384;0,0
2385;0,75
2386;0,027777777777777776
2387;0,9166666666666666
2388;0,3888888888888889
2389;0,9444444444444444
2390;0,0
2391;0,7222222222222222
2392;0,8611111111111112
2393;0,2777777777777778
2394;0,027777777777777776
2395;0,5
2396;0,1111111111111111
2397;0,0
2398;0,0
2399;0,2222222222222222
2400;0,9444444444444444
2401;0,2222222222222222
2402;0,027777777777777776
2403;0,2222222222222222
2404;0,5555555555555556
2405;0,0
2406;0,0
2407;0,7222222222222222
2408;0,6666666666666666
2409;0,5277777777777778
2410;1,0
2411;0,8888888888888888
2412;0,027777777777777776
2413;0,9444444444444444
2414;0,5
2415;0,1111111111111111
2416;0,7222222222222222
2417;0,7777777777777778
2418;0,9166666666666666
2419;0,75
2420;0,5277777777777778
2421;1,0
2422;0,0
2423;0,8055555555555556
2424;0,0
2425;0,8611111111111112
2426;0,6111111111111112
2427;0,6666666666666666
2428;0,0
2429;0,0
2430;0,1388888888888889
2431;0,05555555555555555
2432;0,8888888888888888
2433;0,8055555555555556
2434;0,6944444444444444
2435;0,9444444444444444
2436;0,0
2437;0,16666666666666666
2438;0,9444444444444444
2439;0,0
2440;0,8055555555555556
2441;1,0
2442;0,027777777777777776
2443;0,8611111111111112
2444;0,7777777777777778
2445;0,0
2446;0,9444444444444444
2447;0,0
2448;1,0
2449;0,2222222222222222
2450;0,7222222222222222
2451;0,7222222222222222
2452;1,0
2453;0,5833333333333334
2454;0,5
2455;0,2222222222222222
2456;0,8333333333333334
2457;0,9722222222222222
2458;0,8611111111111112
2459;0,027777777777777776
2460;0,7222222222222222
2461;0,8888888888888888
2462;1,0
2463;0,027777777777777776
2464;0,16666666666666666
2465;1,0
2466;0,0
2467;0,9722222222222222
2468;0,9444444444444444
2469;0,6388888888888888
2470;1,0
2471;0,9166666666666666
2472;0,2222222222222222
2473;0,0
2474;0,6111111111111112
2475;0,9444444444444444
2476;0,5833333333333334
2477;0,9722222222222222
2478;0,0
2479;0,0
2480;0,5
2481;0,9722222222222222
2482;0,9444444444444444
2483;0,9722222222222222
2484;0,027777777777777776
2485;0,1388888888888889
2486;0,8055555555555556
2487;0,2222222222222222
2488;0,05555555555555555
2489;1,0
2490;0,7222222222222222
2491;0,0
2492;0,6944444444444444
2493;0,5
2494;0,5555555555555556
2495;0,05555555555555555
2496;0,0
2497;0,6111111111111112
2498;0,0
2499;0,1388888888888889
2500;0,3611111111111111
2501;0,7222222222222222
2502;0,8888888888888888
2503;0,7222222222222222
2504;0,5555555555555556
2505;1,0
2506;1,0
2507;0,9722222222222222
2508;0,7777777777777778
2509;0,6666666666666666
2510;0,5
2511;0,8055555555555556
2512;0,75
2513;0,5555555555555556
2514;0,0
2515;0,0
2516;0,2222222222222222
2517;0,4166666666666667
2518;0,2222222222222222
2519;0,1111111111111111
2520;0,7222222222222222
2521;0,9444444444444444
2522;0,9166666666666666
2523;0,2777777777777778
2524;0,75
2525;0,0
2526;0,25
2527;0,1388888888888889
2528;0,9444444444444444
2529;0,8055555555555556
2530;0,0
2531;0,8055555555555556
2532;0,9166666666666666
2533;0,4166666666666667
2534;0,6111111111111112
2535;0,8888888888888888
2536;0,9722222222222222
2537;0,9722222222222222
2538;0,5833333333333334
2539;0,027777777777777776
2540;0,8333333333333334
2541;1,0
2542;0,0
2543;0,4166666666666667
2544;0,0
2545;0,6666666666666666
2546;0,1111111111111111
2547;0,0
2548;0,4166666666666667
2549;0,1111111111111111
2550;0,8333333333333334
2551;0,8333333333333334
2552;0,0
2553;0,0
2554;0,5833333333333334
2555;0,5555555555555556
2556;0,75
2557;0,05555555555555555
2558;0,6666666666666666
2559;0,0
2560;0,9722222222222222
2561;0,5833333333333334
2562;0,4166666666666667
2563;0,027777777777777776
2564;0,9444444444444444
2565;0,9444444444444444
2566;0,0
2567;0,19444444444444445
2568;0,2777777777777778
2569;0,027777777777777776
2570;0,0
2571;0,8333333333333334
2572;0,9444444444444444
2573;0,0
2574;0,2222222222222222
2575;0,8055555555555556
2576;0,6666666666666666
2577;0,16666666666666666
2578;0,9722222222222222
2579;0,9166666666666666
2580;0,7777777777777778
2581;0,2222222222222222
2582;0,9722222222222222
2583;0,9444444444444444
2584;0,5
2585;0,05555555555555555
2586;0,0
2587;0,6944444444444444
2588;0,8888888888888888
2589;0,2777777777777778
2590;0,8333333333333334
2591;0,08333333333333333
2592;1,0
2593;0,027777777777777776
2594;0,9444444444444444
2595;0,027777777777777776
2596;0,8055555555555556
2597;0,9444444444444444
2598;0,9444444444444444
2599;0,0
2600;0,2222222222222222
2601;0,027777777777777776
2602;0,8333333333333334
2603;0,2222222222222222
2604;0,9722222222222222
2605;0,7222222222222222
2606;0,6944444444444444
2607;0,5555555555555556
2608;0,0
2609;0,0
2610;0,0
2611;0,7777777777777778
2612;0,9166666666666666
2613;0,0
2614;0,4722222222222222
2615;0,0
2616;1,0
2617;0,9722222222222222
2618;0,4166666666666667
2619;0,9166666666666666
2620;0,9722222222222222
2621;0,9444444444444444
2622;0,6111111111111112
2623;0,8055555555555556
2624;0,2777777777777778
2625;0,9444444444444444
2626;0,5277777777777778
2627;0,0
2628;0,7777777777777778
2629;0,9722222222222222
2630;1,0
2631;0,9722222222222222
2632;0,7222222222222222
2633;0,0
2634;0,9166666666666666
2635;0,8888888888888888
2636;0,8611111111111112
2637;0,5
2638;0,5555555555555556
2639;0,9444444444444444
2640;0,0
2641;0,027777777777777776
2642;0,0
2643;0,0
2644;0,0
2645;0,9722222222222222
2646;0,3611111111111111
2647;0,5277777777777778
2648;1,0
2649;0,0
2650;0,027777777777777776
2651;0,0
2652;0,2222222222222222
2653;0,6944444444444444
2654;0,9722222222222222
2655;0,1111111111111111
2656;0,0
2657;0,0
2658;0,9166666666666666
2659;0,9444444444444444
2660;0,8055555555555556
2661;0,3055555555555556
2662;0,16666666666666666
2663;0,0
2664;0,027777777777777776
2665;0,9166666666666666
2666;0,9444444444444444
2667;0,4722222222222222
2668;0,027777777777777776
2669;0,9444444444444444
2670;0,05555555555555555
2671;0,0
2672;0,0
2673;0,1111111111111111
2674;0,027777777777777776
2675;1,0
2676;0,0
2677;0,027777777777777776
2678;0,75
2679;0,8611111111111112
2680;0,9722222222222222
2681;0,0
2682;0,0
2683;0,25
2684;0,1111111111111111
2685;0,7222222222222222
2686;0,9444444444444444
2687;0,6666666666666666
2688;0,9444444444444444
2689;0,0
2690;0,9722222222222222
2691;0,2777777777777778
2692;0,7777777777777778
2693;0,8611111111111112
2694;0,75
2695;0,027777777777777776
2696;0,7222222222222222
2697;0,6388888888888888
2698;1,0
2699;0,027777777777777776
2700;0,8055555555555556
2701;0,0
2702;0,7777777777777778
2703;0,0
2704;0,0
2705;0,5833333333333334
2706;0,0
2707;0,027777777777777776
2708;0,16666666666666666
2709;0,027777777777777776
2710;0,0
2711;0,6111111111111112
2712;1,0
2713;0,8333333333333334
2714;0,0
2715;0,0
2716;0,0
2717;0,0
2718;0,0
2719;0,2777777777777778
2720;0,027777777777777776
2721;0,3333333333333333
2722;0,0
2723;0,5
2724;0,0
2725;0,6111111111111112
2726;0,8055555555555556
2727;0,0
2728;0,7777777777777778
2729;0,027777777777777776
2730;0,6111111111111112
2731;1,0
2732;0,8055555555555556
2733;0,1388888888888889
2734;0,0
2735;0,3611111111111111
2736;0,6666666666666666
2737;1,0
2738;0,0
2739;0,0
2740;0,08333333333333333
2741;0,8055555555555556
2742;0,9722222222222222
2743;0,0
2744;0,9444444444444444
2745;0,1388888888888889
2746;0,9444444444444444
2747;0,3055555555555556
2748;0,0
2749;0,027777777777777776
2750;0,0
2751;0,1111111111111111
2752;0,3611111111111111
2753;0,19444444444444445
2754;0,4166666666666667
2755;0,05555555555555555
2756;0,0
2757;0,3888888888888889
2758;0,5555555555555556
2759;0,08333333333333333
2760;0,0
2761;0,0
2762;0,9722222222222222
2763;0,75
2764;1,0
2765;0,027777777777777776
2766;0,8333333333333334
2767;0,0
2768;0,027777777777777776
2769;0,9166666666666666
2770;0,0
2771;0,3888888888888889
2772;0,027777777777777776
2773;0,6944444444444444
2774;0,05555555555555555
2775;0,05555555555555555
2776;0,7222222222222222
2777;0,7777777777777778
2778;0,3333333333333333
2779;0,6944444444444444
2780;0,3888888888888889
2781;1,0
2782;0,5555555555555556
2783;0,05555555555555555
2784;0,9444444444444444
2785;0,5
2786;0,0
2787;0,5555555555555556
2788;0,2777777777777778
2789;0,9166666666666666
2790;0,5277777777777778
2791;0,4166666666666667
2792;0,0
2793;0,16666666666666666
2794;0,027777777777777776
2795;0,8888888888888888
2796;0,8888888888888888
2797;0,8055555555555556
2798;0,7222222222222222
2799;0,3333333333333333
2800;0,9722222222222222
2801;0,8888888888888888
2802;0,0
2803;1,0
2804;0,0
2805;0,5555555555555556
2806;0,05555555555555555
2807;0,027777777777777776
2808;0,05555555555555555
2809;0,9166666666666666
2810;0,0
2811;0,7777777777777778
2812;0,9444444444444444
2813;0,6111111111111112
2814;0,9444444444444444
2815;0,0
2816;0,8888888888888888
2817;0,8888888888888888
2818;0,75
2819;0,6944444444444444
2820;0,8888888888888888
2821;0,8611111111111112
2822;1,0
2823;0,0
2824;0,7777777777777778
2825;0,7222222222222222
2826;1,0
2827;0,8055555555555556
2828;0,8888888888888888
2829;0,4444444444444444
2830;0,6666666666666666
2831;0,2777777777777778
2832;1,0
2833;0,2777777777777778
2834;0,6388888888888888
2835;0,08333333333333333
2836;0,05555555555555555
2837;0,05555555555555555
2838;0,9722222222222222
2839;0,9722222222222222
2840;0,5
2841;0,75
2842;0,7222222222222222
2843;0,0
2844;0,19444444444444445
2845;0,0
2846;0,6111111111111112
2847;0,9722222222222222
2848;0,8611111111111112
2849;0,2777777777777778
2850;0,9722222222222222
2851;0,4166666666666667
2852;0,25
2853;0,9722222222222222
2854;0,0
2855;0,4166666666666667
2856;0,3055555555555556
2857;0,4722222222222222
2858;0,8055555555555556
2859;1,0
2860;0,6944444444444444
2861;0,3333333333333333
2862;1,0
2863;0,8611111111111112
2864;0,6388888888888888
2865;0,9166666666666666
2866;0,2222222222222222
2867;0,0
2868;0,0
2869;0,0
2870;0,05555555555555555
2871;0,9444444444444444
2872;0,19444444444444445
2873;0,8611111111111112
2874;0,0
2875;0,6944444444444444
2876;0,2777777777777778
2877;0,9722222222222222
2878;0,027777777777777776
2879;0,08333333333333333
2880;0,9722222222222222
2881;0,6944444444444444
2882;0,027777777777777776
2883;0,5277777777777778
2884;0,05555555555555555
2885;0,8888888888888888
2886;0,08333333333333333
2887;0,6111111111111112
2888;0,8333333333333334
2889;0,8055555555555556
2890;0,08333333333333333
2891;0,3888888888888889
2892;0,0
2893;0,2222222222222222
2894;0,8611111111111112
2895;0,9166666666666666
2896;0,0
2897;0,9444444444444444
2898;0,0
2899;0,9166666666666666
2900;0,6944444444444444
2901;0,6944444444444444
2902;0,3055555555555556
2903;0,5277777777777778
2904;0,0
2905;0,9444444444444444
2906;0,2222222222222222
2907;0,0
2908;0,9166666666666666
2909;0,4166666666666667
2910;0,0
2911;0,027777777777777776
2912;0,25
2913;0,25
2914;0,7777777777777778
2915;0,5833333333333334
2916;0,9722222222222222
2917;0,0
2918;0,19444444444444445
2919;0,0
2920;0,0
2921;0,027777777777777776
2922;0,08333333333333333
2923;0,3333333333333333
2924;0,0
2925;0,9444444444444444
2926;0,7777777777777778
2927;0,027777777777777776
2928;0,9166666666666666
2929;0,5833333333333334
2930;0,2777777777777778
2931;0,0
2932;1,0
2933;0,08333333333333333
2934;0,0
2935;0,0
2936;0,0
2937;0,9722222222222222
2938;0,0
2939;0,05555555555555555
2940;0,16666666666666666
2941;0,5555555555555556
2942;0,0
2943;0,8333333333333334
2944;0,7777777777777778
2945;0,2777777777777778
2946;0,6944444444444444
2947;1,0
2948;0,9722222222222222
2949;0,1111111111111111
2950;0,027777777777777776
2951;0,5555555555555556
2952;0,2777777777777778
2953;1,0
2954;0,05555555555555555
2955;0,0
2956;0,5
2957;0,027777777777777776
2958;0,08333333333333333
2959;0,2222222222222222
2960;0,0
2961;0,1388888888888889
2962;0,9166666666666666
2963;0,05555555555555555
2964;0,0
2965;0,9722222222222222
2966;0,6666666666666666
2967;1,0
2968;0,16666666666666666
2969;0,4166666666666667
2970;0,75
2971;0,7222222222222222
2972;0,027777777777777776
2973;0,0
2974;0,8055555555555556
2975;0,0
2976;0,0
2977;0,6111111111111112
2978;0,0
2979;0,2222222222222222
2980;0,0
2981;0,0
2982;0,7222222222222222
2983;0,9722222222222222
2984;0,5277777777777778
2985;0,05555555555555555
2986;0,9444444444444444
2987;0,9444444444444444
2988;0,027777777777777776
2989;0,6944444444444444
2990;0,8055555555555556
2991;0,2222222222222222
2992;0,0
2993;0,9722222222222222
2994;0,75
2995;0,027777777777777776
2996;0,9166666666666666
2997;0,027777777777777776
2998;0,19444444444444445
2999;0,9444444444444444
3000;0,4722222222222222
3001;0,027777777777777776
3002;0,027777777777777776
3003;1,0
3004;0,75
3005;1,0
3006;0,9444444444444444
3007;0,027777777777777776
3008;0,0
3009;0,9166666666666666
3010;1,0
3011;0,0
3012;1,0
3013;0,027777777777777776
3014;0,3055555555555556
3015;0,0
3016;0,75
3017;0,0
3018;0,0
3019;0,6388888888888888
3020;0,0
3021;1,0
3022;0,0
3023;0,9444444444444444
3024;0,05555555555555555
3025;0,027777777777777776
3026;0,8055555555555556
3027;0,1111111111111111
3028;0,0
3029;0,7222222222222222
3030;0,7222222222222222
3031;0,027777777777777776
3032;0,8055555555555556
3033;0,8055555555555556
3034;0,1111111111111111
3035;0,16666666666666666
3036;0,9166666666666666
3037;0,027777777777777776
3038;0,2777777777777778
3039;0,9722222222222222
3040;0,0
3041;0,8888888888888888
3042;0,9722222222222222
3043;1,0
3044;0,9166666666666666
3045;0,8055555555555556
3046;0,2777777777777778
3047;0,0
3048;0,1388888888888889
3049;0,6388888888888888
3050;0,2222222222222222
3051;0,16666666666666666
3052;0,9166666666666666
3053;0,0
3054;0,7777777777777778
3055;0,75
3056;0,9722222222222222
3057;0,25
3058;1,0
3059;0,9444444444444444
3060;0,0
3061;0,5
3062;0,9722222222222222
3063;0,0
3064;0,0
3065;0,9444444444444444
3066;0,75
3067;0,0
3068;0,0
3069;0,8888888888888888
3070;0,05555555555555555
3071;0,2777777777777778
3072;0,5
3073;0,6944444444444444
3074;0,0
3075;0,9722222222222222
3076;0,7777777777777778
3077;0,0
3078;0,75
3079;0,027777777777777776
3080;0,0
3081;0,9444444444444444
3082;0,16666666666666666
3083;0,8611111111111112
3084;0,9166666666666666
3085;0,027777777777777776
3086;0,0
3087;0,0
3088;0,2222222222222222
3089;0,9444444444444444
3090;0,0
3091;0,1388888888888889
3092;0,027777777777777776
3093;0,05555555555555555
3094;0,9444444444444444
3095;0,0
3096;0,0
3097;0,9444444444444444
3098;0,0
3099;0,0
3100;0,027777777777777776
3101;0,75
3102;0,19444444444444445
3103;1,0
3104;0,9166666666666666
3105;0,6944444444444444
3106;0,9722222222222222
3107;0,0
3108;0,25
3109;0,8055555555555556
3110;1,0
3111;0,6944444444444444
3112;0,6944444444444444
3113;0,0
3114;0,0
3115;0,027777777777777776
3116;0,5277777777777778
3117;0,0
3118;0,0
3119;0,7777777777777778
3120;0,0
3121;0,0
3122;0,0
3123;0,1388888888888889
3124;0,9722222222222222
3125;0,0
3126;0,75
3127;0,8333333333333334
3128;0,8055555555555556
3129;0,0
3130;0,0
3131;0,6666666666666666
3132;0,16666666666666666
3133;0,0
3134;0,9166666666666666
3135;0,027777777777777776
3136;0,0
3137;0,0
3138;0,027777777777777776
3139;0,9722222222222222
3140;0,0
3141;0,8055555555555556
3142;0,0
3143;0,027777777777777776
3144;0,9722222222222222
3145;0,7777777777777778
3146;0,75
3147;0,16666666666666666
3148;0,9444444444444444
3149;0,0
3150;0,16666666666666666
3151;0,7777777777777778
3152;0,0
3153;0,16666666666666666
3154;0,5555555555555556
3155;0,75
3156;0,0
3157;0,8611111111111112
3158;0,0
3159;0,2222222222222222
3160;0,6944444444444444
3161;0,0
3162;0,5
3163;0,05555555555555555
3164;0,0
3165;0,9444444444444444
3166;1,0
3167;0,1111111111111111
3168;0,7777777777777778
3169;0,0
3170;0,4166666666666667
3171;0,2777777777777778
3172;0,9722222222222222
3173;0,6111111111111112
3174;0,05555555555555555
3175;0,16666666666666666
3176;0,0
3177;0,16666666666666666
3178;0,1111111111111111
3179;0,9722222222222222
3180;1,0
3181;0,0
3182;0,6944444444444444
3183;0,027777777777777776
3184;0,7222222222222222
3185;0,1111111111111111
3186;0,027777777777777776
3187;0,2222222222222222
3188;0,75
3189;1,0
3190;0,8611111111111112
3191;0,5277777777777778
3192;0,4166666666666667
3193;0,8055555555555556
3194;0,0
3195;1,0
3196;0,027777777777777776
3197;0,6944444444444444
3198;0,0
3199;0,9722222222222222
3200;0,16666666666666666
3201;0,5555555555555556
3202;0,9444444444444444
3203;0,1388888888888889
3204;0,3611111111111111
3205;0,8611111111111112
3206;0,5
3207;0,6388888888888888
3208;0,027777777777777776
3209;0,8333333333333334
3210;0,6666666666666666
3211;0,9722222222222222
3212;0,6388888888888888
3213;0,3055555555555556
3214;0,9166666666666666
3215;0,16666666666666666
3216;0,9444444444444444
3217;0,05555555555555555
3218;1,0
3219;0,75
3220;0,9166666666666666
3221;0,8333333333333334
3222;0,5555555555555556
3223;0,0
3224;0,027777777777777776
3225;0,2777777777777778
3226;1,0
3227;0,0
3228;0,8888888888888888
3229;0,027777777777777776
3230;0,9444444444444444
3231;0,9722222222222222
3232;0,6388888888888888
3233;0,0
3234;0,8333333333333334
3235;0,08333333333333333
3236;0,0
3237;0,9444444444444444
3238;0,027777777777777776
3239;0,5277777777777778
3240;0,5
3241;0,75
3242;0,6388888888888888
3243;1,0
3244;0,9722222222222222
3245;0,8333333333333334
3246;0,0
3247;0,0
3248;0,0
3249;0,8611111111111112
3250;0,8611111111111112
3251;0,0
3252;0,8333333333333334
3253;0,2777777777777778
3254;0,05555555555555555
3255;0,8888888888888888
3256;1,0
3257;0,8333333333333334
3258;0,9722222222222222
3259;0,027777777777777776
3260;0,1111111111111111
3261;0,1111111111111111
3262;0,6666666666666666
3263;0,6666666666666666
3264;0,1111111111111111
3265;1,0
3266;1,0
3267;1,0
3268;0,3611111111111111
3269;0,9444444444444444
3270;0,0
3271;0,6944444444444444
3272;0,9722222222222222
3273;0,9722222222222222
3274;1,0
3275;0,7777777777777778
3276;0,0
3277;0,9166666666666666
3278;1,0
3279;0,9444444444444444
3280;0,6666666666666666
3281;0,9444444444444444
3282;0,027777777777777776
3283;0,0
3284;0,6111111111111112
3285;0,8888888888888888
3286;0,0
3287;0,0
3288;1,0
3289;0,9722222222222222
3290;0,027777777777777776
3291;0,027777777777777776
3292;0,027777777777777776
3293;0,9166666666666666
3294;0,9166666666666666
3295;0,4166666666666667
3296;0,3888888888888889
3297;1,0
3298;0,027777777777777776
3299;0,0
3300;0,0
3301;0,9166666666666666
3302;0,0
3303;1,0
3304;0,7777777777777778
3305;0,027777777777777776
3306;0,8611111111111112
3307;1,0
3308;0,027777777777777776
3309;0,0
3310;0,75
3311;0,2777777777777778
3312;0,05555555555555555
3313;0,75
3314;0,8611111111111112
3315;1,0
3316;0,75
3317;0,5833333333333334
3318;0,8333333333333334
3319;0,027777777777777776
3320;0,6111111111111112
3321;0,05555555555555555
3322;0,9722222222222222
3323;0,0
3324;0,0
3325;0,25
3326;0,9166666666666666
3327;0,0
3328;0,027777777777777776
3329;0,2222222222222222
3330;0,0
3331;0,9722222222222222
3332;0,0
3333;0,8055555555555556
3334;0,8888888888888888
3335;0,6388888888888888
3336;0,0
3337;0,0
3338;0,9444444444444444
3339;0,0
3340;0,0
3341;1,0
3342;0,7222222222222222
3343;0,6388888888888888
3344;0,027777777777777776
3345;0,1388888888888889
3346;0,9444444444444444
3347;0,9722222222222222
3348;0,4722222222222222
3349;0,7222222222222222
3350;0,0
3351;0,9444444444444444
3352;0,9722222222222222
3353;0,8055555555555556
3354;0,2222222222222222
3355;0,3333333333333333
3356;0,9166666666666666
3357;0,0
3358;0,9444444444444444
3359;0,5277777777777778
3360;0,3611111111111111
3361;0,9722222222222222
3362;0,8333333333333334
3363;0,9722222222222222
3364;0,8055555555555556
3365;0,1388888888888889
3366;0,0
3367;1,0
3368;0,05555555555555555
3369;0,0
3370;0,6666666666666666
3371;0,8055555555555556
3372;1,0
3373;0,1111111111111111
3374;0,9722222222222222
3375;0,9444444444444444
3376;1,0
3377;0,027777777777777776
3378;0,6111111111111112
3379;0,08333333333333333
3380;0,9444444444444444
3381;0,8055555555555556
3382;1,0
3383;0,1111111111111111
3384;0,8055555555555556
3385;0,0
3386;0,027777777777777776
3387;0,4166666666666667
3388;0,0
3389;0,3333333333333333
3390;0,8611111111111112
3391;0,0
3392;0,6666666666666666
3393;0,7222222222222222
3394;0,0
3395;0,027777777777777776
3396;0,3055555555555556
3397;0,4166666666666667
3398;0,8333333333333334
3399;0,6944444444444444
3400;0,08333333333333333
3401;0,027777777777777776
3402;0,16666666666666666
3403;0,2222222222222222
3404;0,027777777777777776
3405;0,6111111111111112
3406;0,5277777777777778
3407;0,0
3408;0,9444444444444444
3409;0,0
3410;0,0
3411;0,6944444444444444
3412;0,0
3413;0,0
3414;0,027777777777777776
3415;0,5555555555555556
3416;0,027777777777777776
3417;0,1111111111111111
3418;0,6666666666666666
3419;0,2222222222222222
3420;0,8333333333333334
3421;0,6666666666666666
3422;1,0
3423;0,9722222222222222
3424;0,8611111111111112
3425;0,027777777777777776
3426;0,1111111111111111
3427;0,0
3428;0,3333333333333333
3429;0,0
3430;0,0
3431;0,7222222222222222
3432;0,0
3433;0,5833333333333334
3434;0,05555555555555555
3435;0,9722222222222222
3436;0,25
3437;0,9444444444444444
3438;0,027777777777777776
3439;0,1111111111111111
3440;0,0
3441;0,9722222222222222
3442;0,0
3443;0,8888888888888888
3444;0,4166666666666667
3445;0,027777777777777776
3446;0,0
3447;0,2777777777777778
3448;0,0
3449;0,08333333333333333
3450;0,2222222222222222
3451;0,9444444444444444
3452;0,3611111111111111
3453;0,05555555555555555
3454;0,7777777777777778
3455;0,8611111111111112
3456;0,0
3457;0,027777777777777776
3458;0,8055555555555556
3459;0,0
3460;0,8611111111111112
3461;0,75
3462;0,027777777777777776
3463;0,027777777777777776
3464;0,7777777777777778
3465;0,9166666666666666
3466;0,0
3467;0,7222222222222222
3468;1,0
3469;0,0
3470;0,9722222222222222
3471;0,9444444444444444
3472;0,9166666666666666
3473;0,9166666666666666
3474;0,2777777777777778
3475;0,0
3476;0,2777777777777778
3477;0,027777777777777776
3478;1,0
3479;0,2222222222222222
3480;0,3888888888888889
3481;0,7777777777777778
3482;0,16666666666666666
3483;0,7777777777777778
3484;0,9444444444444444
3485;0,0
3486;0,0
3487;0,0
3488;0,08333333333333333
3489;0,4166666666666667
3490;0,9166666666666666
3491;0,027777777777777776
3492;0,0
3493;0,0
3494;0,5833333333333334
3495;1,0
3496;0,0
3497;0,0
3498;0,0
3499;0,5833333333333334
3500;0,7222222222222222
3501;0,9166666666666666
3502;0,027777777777777776
3503;0,9444444444444444
3504;0,9444444444444444
3505;1,0
3506;0,0
3507;0,5
3508;0,0
3509;0,0
3510;0,9166666666666666
3511;0,05555555555555555
3512;0,08333333333333333
3513;0,027777777777777776
3514;0,0
3515;0,9722222222222222
3516;0,7777777777777778
3517;0,9722222222222222
3518;0,1388888888888889
3519;0,6944444444444444
3520;0,5555555555555556
3521;0,9444444444444444
3522;0,0
3523;0,0
3524;0,2222222222222222
3525;0,0
3526;0,5
3527;0,8055555555555556
3528;0,2777777777777778
3529;0,0
3530;0,05555555555555555
3531;0,3055555555555556
3532;0,9722222222222222
3533;0,05555555555555555
3534;0,0
3535;0,2222222222222222
3536;0,7777777777777778
3537;0,0
3538;0,9722222222222222
3539;0,8611111111111112
3540;0,5
3541;0,4444444444444444
3542;0,0
3543;0,8888888888888888
3544;0,5277777777777778
3545;0,75
3546;0,0
3547;0,0
3548;0,75
3549;0,5
3550;0,6666666666666666
3551;0,6388888888888888
3552;0,027777777777777776
3553;0,0
3554;0,1388888888888889
3555;0,027777777777777776
3556;0,4444444444444444
3557;0,0
3558;0,0
3559;0,8888888888888888
3560;0,027777777777777776
3561;0,9166666666666666
3562;0,9722222222222222
3563;0,6944444444444444
3564;0,9444444444444444
3565;0,0
3566;0,7777777777777778
3567;0,9444444444444444
3568;0,8333333333333334
3569;0,9722222222222222
3570;0,0
3571;0,8888888888888888
3572;0,9166666666666666
3573;0,0
3574;0,2222222222222222
3575;0,1388888888888889
3576;0,0
3577;0,0
3578;1,0
3579;0,6944444444444444
3580;0,6388888888888888
3581;0,6666666666666666
3582;0,3333333333333333
3583;0,0
3584;0,9722222222222222
3585;0,0
3586;0,75
3587;0,0
3588;0,0
3589;0,027777777777777776
3590;0,027777777777777776
3591;0,9722222222222222
3592;0,9166666666666666
3593;0,05555555555555555
3594;0,027777777777777776
3595;0,0
3596;0,2222222222222222
3597;0,05555555555555555
3598;1,0
3599;0,7222222222222222
3600;0,75
3601;0,0
3602;0,0
3603;0,9444444444444444
3604;0,9722222222222222
3605;0,0
3606;0,9722222222222222
3607;0,5555555555555556
3608;0,9722222222222222
3609;0,1111111111111111
3610;0,25
3611;0,027777777777777776
3612;0,0
3613;1,0
3614;0,05555555555555555
3615;0,9722222222222222
3616;0,0
3617;0,8055555555555556
3618;0,8333333333333334
3619;0,3055555555555556
3620;0,0
3621;0,0
3622;0,9166666666666666
3623;1,0
3624;0,7222222222222222
3625;0,0
3626;0,027777777777777776
3627;0,9166666666666666
3628;0,6944444444444444
3629;0,5277777777777778
3630;0,1388888888888889
3631;0,9444444444444444
3632;0,9444444444444444
3633;1,0
3634;0,2222222222222222
3635;1,0
3636;0,75
3637;0,9722222222222222
3638;0,6111111111111112
3639;0,027777777777777776
3640;0,9722222222222222
3641;0,5555555555555556
3642;0,2222222222222222
3643;0,7777777777777778
3644;0,9444444444444444
3645;0,0
3646;0,8055555555555556
3647;0,7777777777777778
3648;0,027777777777777776
3649;0,5
3650;0,6388888888888888
3651;0,3611111111111111
3652;0,0
3653;0,7777777777777778
3654;1,0
3655;1,0
3656;0,0
3657;0,1388888888888889
3658;0,0
3659;0,7222222222222222
3660;0,0
3661;0,16666666666666666
3662;0,3888888888888889
3663;0,9444444444444444
3664;0,3333333333333333
3665;0,6111111111111112
3666;0,7222222222222222
3667;0,2222222222222222
3668;0,9722222222222222
3669;0,027777777777777776
3670;0,1388888888888889
3671;0,027777777777777776
3672;0,0
3673;0,9444444444444444
3674;0,8611111111111112
3675;0,9166666666666666
3676;0,9166666666666666
3677;0,9444444444444444
3678;0,8055555555555556
3679;0,0
3680;0,1388888888888889
3681;0,9444444444444444
3682;0,0
3683;0,7222222222222222
3684;0,9166666666666666
3685;0,5555555555555556
3686;0,2222222222222222
3687;0,05555555555555555
3688;1,0
3689;0,5833333333333334
3690;0,19444444444444445
3691;0,6944444444444444
3692;0,05555555555555555
3693;0,4444444444444444
3694;0,5833333333333334
3695;0,0
3696;0,027777777777777776
3697;0,9444444444444444
3698;0,7777777777777778
3699;0,8055555555555556
3700;0,0
3701;0,6111111111111112
3702;0,3055555555555556
3703;0,2222222222222222
3704;0,0
3705;0,8611111111111112
3706;0,0
3707;0,2777777777777778
3708;0,9722222222222222
3709;0,9444444444444444
3710;0,0
3711;0,0
3712;0,05555555555555555
3713;0,8055555555555556
3714;0,08333333333333333
3715;0,8888888888888888
3716;0,9166666666666666
3717;0,9166666666666666
3718;0,027777777777777776
3719;0,0
3720;0,027777777777777776
3721;0,027777777777777776
3722;0,9722222222222222
3723;0,027777777777777776
3724;0,9444444444444444
3725;1,0
3726;0,8333333333333334
3727;0,4166666666666667
3728;0,0
3729;0,9166666666666666
3730;0,9722222222222222
3731;0,9722222222222222
3732;0,0
3733;0,8333333333333334
3734;0,5555555555555556
3735;0,6388888888888888
3736;0,0
3737;0,9166666666666666
3738;0,6111111111111112
3739;0,2777777777777778
3740;0,8611111111111112
3741;0,6944444444444444
3742;1,0
3743;0,3611111111111111
3744;0,0
3745;0,027777777777777776
3746;0,5
3747;0,2222222222222222
3748;0,9722222222222222
3749;0,8055555555555556
3750;0,7777777777777778
3751;0,9444444444444444
3752;0,9444444444444444
3753;0,19444444444444445
3754;0,19444444444444445
3755;0,9166666666666666
3756;0,1388888888888889
3757;1,0
3758;0,6944444444444444
3759;0,2777777777777778
3760;0,027777777777777776
3761;0,1111111111111111
3762;0,3333333333333333
3763;0,027777777777777776
3764;0,027777777777777776
3765;0,0
3766;0,75
3767;0,8055555555555556
3768;0,0
3769;0,5555555555555556
3770;0,16666666666666666
3771;0,9166666666666666
3772;0,9166666666666666
3773;0,9444444444444444
3774;0,9722222222222222
3775;0,2777777777777778
3776;0,6944444444444444
3777;0,25
3778;0,0
3779;0,0
3780;0,2222222222222222
3781;0,9722222222222222
3782;0,9722222222222222
3783;0,6111111111111112
3784;0,7777777777777778
3785;0,6388888888888888
3786;0,08333333333333333
3787;0,027777777777777776
3788;0,0
3789;0,3888888888888889
3790;0,0
3791;1,0
3792;0,08333333333333333
3793;0,027777777777777776
3794;0,8611111111111112
3795;0,0
3796;0,0
3797;0,9444444444444444
3798;0,027777777777777776
3799;0,3611111111111111
3800;0,9444444444444444
3801;0,0
3802;0,9166666666666666
3803;0,7777777777777778
3804;0,6388888888888888
3805;0,1111111111111111
3806;0,05555555555555555
3807;0,0
3808;0,8333333333333334
3809;0,8055555555555556
3810;0,9166666666666666
3811;0,75
3812;0,0
3813;0,9722222222222222
3814;0,2222222222222222
3815;0,0
3816;0,3055555555555556
3817;0,9444444444444444
3818;0,8333333333333334
3819;0,5555555555555556
3820;0,0
3821;0,6944444444444444
3822;0,75
3823;1,0
3824;0,3055555555555556
3825;0,1111111111111111
3826;0,027777777777777776
3827;0,027777777777777776
3828;0,9166666666666666
3829;0,05555555555555555
3830;0,5833333333333334
3831;0,0
3832;0,0
3833;0,05555555555555555
3834;0,0
3835;0,3888888888888889
3836;0,9722222222222222
3837;0,5555555555555556
3838;0,3055555555555556
3839;0,4166666666666667
3840;0,9166666666666666
3841;0,5833333333333334
3842;0,2777777777777778
3843;0,6944444444444444
3844;0,9722222222222222
3845;0,027777777777777776
3846;0,0
3847;0,3611111111111111
3848;0,027777777777777776
3849;0,5555555555555556
3850;0,0
3851;0,2777777777777778
3852;0,9722222222222222
3853;0,0
3854;0,16666666666666666
3855;0,8055555555555556
3856;1,0
3857;0,9166666666666666
3858;0,1388888888888889
3859;0,05555555555555555
3860;0,3611111111111111
3861;0,5277777777777778
3862;0,5555555555555556
3863;0,19444444444444445
3864;0,2777777777777778
3865;0,6944444444444444
3866;0,0
3867;0,5277777777777778
3868;1,0
3869;0,8055555555555556
3870;0,8611111111111112
3871;0,75
3872;0,027777777777777776
3873;0,0
3874;0,9166666666666666
3875;0,25
3876;0,027777777777777776
3877;0,9444444444444444
3878;0,5555555555555556
3879;0,027777777777777776
3880;0,1388888888888889
3881;0,9444444444444444
3882;0,6111111111111112
3883;0,3333333333333333
3884;0,9722222222222222
3885;0,9444444444444444
3886;0,027777777777777776
3887;0,9722222222222222
3888;0,08333333333333333
3889;0,9166666666666666
3890;1,0
3891;0,0
3892;0,9166666666666666
3893;0,9444444444444444
3894;0,9722222222222222
3895;0,027777777777777776
3896;0,7222222222222222
3897;0,4722222222222222
3898;0,0
3899;0,0
3900;0,4166666666666667
3901;0,8888888888888888
3902;0,5555555555555556
3903;0,7222222222222222
3904;1,0
3905;0,0
3906;0,0
3907;0,0
3908;0,9166666666666666
3909;0,027777777777777776
3910;0,5555555555555556
3911;0,9444444444444444
3912;0,0
3913;0,8055555555555556
3914;0,027777777777777776
3915;0,0
3916;0,05555555555555555
3917;0,3055555555555556
3918;0,8611111111111112
3919;0,1388888888888889
3920;0,9444444444444444
3921;0,027777777777777776
3922;1,0
3923;0,5277777777777778
3924;0,7222222222222222
3925;0,9444444444444444
3926;0,0
3927;0,8333333333333334
3928;0,4166666666666667
3929;0,0
3930;0,0
3931;1,0
3932;0,8333333333333334
3933;0,0
3934;0,7777777777777778
3935;0,1111111111111111
3936;0,7222222222222222
3937;0,3333333333333333
3938;0,027777777777777776
3939;0,9722222222222222
3940;0,9166666666666666
3941;0,0
3942;0,75
3943;0,8055555555555556
3944;0,9444444444444444
3945;0,0
3946;0,8611111111111112
3947;0,9722222222222222
3948;0,08333333333333333
3949;0,5555555555555556
3950;1,0
3951;0,9722222222222222
3952;0,9444444444444444
3953;0,027777777777777776
3954;0,0
3955;0,027777777777777776
3956;0,9722222222222222
3957;0,2222222222222222
3958;0,8333333333333334
3959;0,9722222222222222
3960;0,8055555555555556
3961;0,0
3962;0,0
3963;0,9444444444444444
3964;0,0
3965;1,0
3966;0,0
3967;0,75
3968;0,2777777777777778
3969;0,0
3970;0,7777777777777778
3971;0,0
3972;0,1111111111111111
3973;0,0
3974;0,3333333333333333
3975;1,0
3976;0,0
3977;0,0
3978;0,9444444444444444
3979;0,6944444444444444
3980;0,0
3981;0,0
3982;0,05555555555555555
3983;0,3333333333333333
3984;0,0
3985;0,1111111111111111
3986;0,25
3987;1,0
3988;0,6666666666666666
3989;0,0
3990;0,6666666666666666
3991;1,0
3992;0,027777777777777776
3993;0,7777777777777778
3994;0,027777777777777776
3995;0,75
3996;0,0
3997;0,5833333333333334
3998;0,5
3999;0,16666666666666666
4000;0,9722222222222222
4001;0,0
4002;0,8333333333333334
4003;0,4166666666666667
4004;0,0
4005;0,0
4006;0,3888888888888889
4007;0,5277777777777778
4008;0,1388888888888889
4009;0,027777777777777776
4010;1,0
4011;0,0
4012;0,9444444444444444
4013;0,027777777777777776
4014;0,0
4015;0,0
4016;0,9444444444444444
4017;0,0
4018;0,0
4019;0,027777777777777776
4020;1,0
4021;0,3333333333333333
4022;0,25
4023;0,9722222222222222
4024;0,8888888888888888
4025;0,16666666666666666
4026;0,2222222222222222
4027;0,3333333333333333
4028;0,9166666666666666
4029;0,027777777777777776
4030;0,19444444444444445
4031;0,0
4032;0,027777777777777776
4033;0,3055555555555556
4034;0,08333333333333333
4035;0,5
4036;0,027777777777777776
4037;1,0
4038;0,75
4039;0,0
4040;0,7222222222222222
4041;0,16666666666666666
4042;0,1388888888888889
4043;0,6666666666666666
4044;0,2777777777777778
4045;0,3611111111111111
4046;0,0
4047;0,8888888888888888
4048;0,9166666666666666
4049;0,4444444444444444
4050;0,7222222222222222
4051;1,0
4052;0,2222222222222222
4053;0,1388888888888889
4054;0,2777777777777778
4055;0,8333333333333334
4056;0,5833333333333334
4057;0,2777777777777778
4058;0,9444444444444444
4059;0,5
4060;0,8888888888888888
4061;0,5833333333333334
4062;0,1111111111111111
4063;0,9722222222222222
4064;0,027777777777777776
4065;0,0
4066;0,9722222222222222
4067;0,6944444444444444
4068;0,4722222222222222
4069;0,5555555555555556
4070;0,3611111111111111
4071;0,3055555555555556
4072;0,027777777777777776
4073;1,0
4074;0,0
4075;0,3888888888888889
4076;0,1111111111111111
4077;0,9722222222222222
4078;0,2777777777777778
4079;0,0
4080;0,0
4081;0,5555555555555556
4082;0,9722222222222222
4083;0,3055555555555556
4084;1,0
4085;0,6388888888888888
4086;0,0
4087;0,2777777777777778
4088;0,9722222222222222
4089;0,2222222222222222
4090;0,8055555555555556
4091;0,027777777777777776
4092;0,8333333333333334
4093;0,0
4094;0,6944444444444444
4095;0,0
4096;0,7777777777777778
4097;0,9166666666666666
4098;0,9444444444444444
4099;0,3333333333333333
4100;0,9722222222222222
4101;0,027777777777777776
4102;0,0
4103;0,9722222222222222
4104;0,1111111111111111
4105;0,05555555555555555
4106;0,9444444444444444
4107;0,3611111111111111
4108;0,6944444444444444
4109;0,8888888888888888
4110;0,0
4111;0,9444444444444444
4112;0,6388888888888888
4113;0,9722222222222222
4114;0,9444444444444444
4115;0,027777777777777776
4116;0,027777777777777776
4117;0,0
4118;0,027777777777777776
4119;0,0
4120;0,0
4121;0,7222222222222222
4122;0,027777777777777776
4123;0,9444444444444444
4124;0,0
4125;0,75
4126;0,2222222222222222
4127;0,75
4128;0,0
4129;0,0
4130;0,0
4131;0,9444444444444444
4132;0,0
4133;0,6388888888888888
4134;0,0
4135;1,0
4136;0,9444444444444444
4137;0,0
4138;0,9444444444444444
4139;0,7777777777777778
4140;1,0
4141;0,0
4142;0,027777777777777776
4143;0,75
4144;0,1111111111111111
4145;0,6944444444444444
4146;0,1388888888888889
4147;0,9722222222222222
4148;0,9166666666666666
4149;0,027777777777777776
4150;0,9166666666666666
4151;0,9722222222222222
4152;0,9444444444444444
4153;0,2222222222222222
4154;0,0
4155;0,027777777777777776
4156;0,027777777777777776
4157;0,0
4158;0,5833333333333334
4159;0,9444444444444444
4160;0,027777777777777776
4161;0,027777777777777776
4162;0,8333333333333334
4163;0,2222222222222222
4164;0,75
4165;0,2222222222222222
4166;0,05555555555555555
4167;0,9722222222222222
4168;0,05555555555555555
4169;0,16666666666666666
4170;0,05555555555555555
4171;1,0
4172;0,6388888888888888
4173;0,027777777777777776
4174;0,9166666666666666
4175;0,0
4176;1,0
4177;0,0
4178;0,9444444444444444
4179;0,027777777777777776
4180;0,2777777777777778
4181;0,0
4182;0,6111111111111112
4183;0,8611111111111112
4184;0,05555555555555555
4185;0,2777777777777778
4186;0,027777777777777776
4187;0,0
4188;0,8888888888888888
4189;0,9444444444444444
4190;0,0
4191;0,0
4192;0,8611111111111112
4193;0,4722222222222222
4194;0,2777777777777778
4195;0,19444444444444445
4196;0,027777777777777776
4197;0,0
4198;0,0
4199;0,05555555555555555
4200;0,3055555555555556
4201;0,7222222222222222
4202;0,8888888888888888
4203;0,0
4204;0,8333333333333334
4205;0,2222222222222222
4206;0,0
4207;0,2777777777777778
4208;0,9444444444444444
4209;0,8888888888888888
4210;0,9722222222222222
4211;0,027777777777777776
4212;0,0
4213;0,9444444444444444
4214;0,8055555555555556
4215;0,8611111111111112
4216;0,0
4217;0,9444444444444444
4218;0,8611111111111112
4219;0,0
4220;0,0
4221;0,25
4222;0,6944444444444444
4223;0,0
4224;0,0
4225;0,0
4226;0,9166666666666666
4227;0,05555555555555555
4228;0,0
4229;0,027777777777777776
4230;0,75
4231;0,0
4232;0,027777777777777776
4233;0,6944444444444444
4234;0,16666666666666666
4235;0,2222222222222222
4236;0,9444444444444444
4237;0,0
4238;0,0
4239;0,9722222222222222
4240;0,2222222222222222
4241;0,6388888888888888
4242;0,027777777777777776
4243;0,0
4244;0,027777777777777776
4245;0,9722222222222222
4246;0,7222222222222222
4247;1,0
4248;0,75
4249;0,0
4250;0,2222222222222222
4251;0,1111111111111111
4252;0,6111111111111112
4253;0,027777777777777776
4254;0,7222222222222222
4255;0,0
4256;0,08333333333333333
4257;0,0
4258;0,05555555555555555
4259;0,3611111111111111
4260;0,9722222222222222
4261;0,9444444444444444
4262;0,2222222222222222
4263;0,9722222222222222
4264;0,0
4265;0,0
4266;0,1388888888888889
4267;0,2777777777777778
4268;0,9444444444444444
4269;0,8888888888888888
4270;0,3055555555555556
4271;0,0
4272;0,0
4273;0,6111111111111112
4274;0,6666666666666666
4275;0,1111111111111111
4276;0,7222222222222222
4277;0,0
4278;0,5
4279;0,2222222222222222
4280;0,0
4281;0,8333333333333334
4282;0,027777777777777776
4283;0,25
4284;0,0
4285;0,027777777777777776
4286;0,0
4287;0,0
4288;0,8888888888888888
4289;0,0
4290;0,6944444444444444
4291;0,6666666666666666
4292;0,25
4293;0,7777777777777778
4294;0,2777777777777778
4295;0,0
4296;1,0
4297;0,8333333333333334
4298;0,027777777777777776
4299;0,0
4300;0,9722222222222222
4301;0,5833333333333334
4302;0,027777777777777776
4303;0,0
4304;0,0
4305;0,0
4306;0,6666666666666666
4307;0,0
4308;0,7222222222222222
4309;0,6111111111111112
4310;0,9166666666666666
4311;0,4722222222222222
4312;0,4166666666666667
4313;0,08333333333333333
4314;0,3055555555555556
4315;0,027777777777777776
4316;0,05555555555555555
4317;0,2777777777777778
4318;0,6944444444444444
4319;1,0
4320;0,25
4321;0,2777777777777778
4322;0,05555555555555555
4323;0,9444444444444444
4324;0,2222222222222222
4325;0,0
4326;0,2777777777777778
4327;0,2222222222222222
4328;0,8055555555555556
4329;0,05555555555555555
4330;0,05555555555555555
4331;1,0
4332;0,8611111111111112
4333;0,3333333333333333
4334;0,08333333333333333
4335;0,6944444444444444
4336;0,0
4337;0,6944444444444444
4338;0,0
4339;0,0
4340;0,1388888888888889
4341;0,05555555555555555
4342;0,7222222222222222
4343;0,7222222222222222
4344;0,8333333333333334
4345;0,9722222222222222
4346;0,0
4347;0,8333333333333334
4348;0,0
4349;0,027777777777777776
4350;0,027777777777777776
4351;0,6111111111111112
4352;0,05555555555555555
4353;0,08333333333333333
4354;0,027777777777777776
4355;0,0
4356;0,1388888888888889
4357;0,5555555555555556
4358;0,75
4359;0,8333333333333334
4360;0,5277777777777778
4361;0,0
4362;0,0
4363;0,8333333333333334
4364;0,0
4365;0,027777777777777776
4366;0,9444444444444444
4367;0,8611111111111112
4368;0,027777777777777776
4369;0,2777777777777778
4370;0,7222222222222222
4371;0,0
4372;0,9166666666666666
4373;0,0
4374;0,0
4375;0,8611111111111112
4376;0,8611111111111112
4377;0,9444444444444444
4378;0,8333333333333334
4379;0,7222222222222222
4380;0,9166666666666666
4381;0,0
4382;0,9722222222222222
4383;0,6944444444444444
4384;0,027777777777777776
4385;1,0
4386;0,0
4387;0,5833333333333334
4388;0,5833333333333334
4389;0,2777777777777778
4390;0,0
4391;0,9444444444444444
4392;0,027777777777777776
4393;0,2777777777777778
4394;0,9444444444444444
4395;0,8611111111111112
4396;0,0
4397;0,08333333333333333
4398;0,9444444444444444
4399;0,9722222222222222
4400;0,2222222222222222
4401;0,08333333333333333
4402;0,9722222222222222
4403;0,027777777777777776
4404;0,0
4405;0,0
4406;0,2777777777777778
4407;0,027777777777777776
4408;0,027777777777777776
4409;0,027777777777777776
4410;0,0
4411;1,0
4412;1,0
4413;0,027777777777777776
4414;0,9444444444444444
4415;0,0
4416;0,0
4417;0,0
4418;0,8888888888888888
4419;0,6944444444444444
4420;0,9722222222222222
4421;0,0
4422;0,5833333333333334
4423;0,0
4424;0,7222222222222222
4425;0,8611111111111112
4426;0,08333333333333333
4427;0,1388888888888889
4428;0,0
4429;0,0
4430;0,027777777777777776
4431;0,2777777777777778
4432;0,7777777777777778
4433;0,3611111111111111
4434;0,0
4435;0,0
4436;0,3055555555555556
4437;0,0
4438;0,0
4439;1,0
4440;0,8611111111111112
4441;0,9722222222222222
4442;1,0
4443;0,19444444444444445
4444;1,0
4445;0,9444444444444444
4446;0,1388888888888889
4447;0,8333333333333334
4448;0,16666666666666666
4449;0,5555555555555556
4450;0,0
4451;0,2222222222222222
4452;0,8055555555555556
4453;0,9722222222222222
4454;0,0
4455;0,0
4456;0,05555555555555555
4457;0,9166666666666666
4458;0,8888888888888888
4459;1,0
4460;0,0
4461;0,5
4462;0,05555555555555555
4463;0,9444444444444444
4464;0,08333333333333333
4465;0,0
4466;0,8055555555555556
4467;0,75
4468;0,0
4469;0,6666666666666666
4470;0,9166666666666666
4471;0,5
4472;0,08333333333333333
4473;0,0
4474;0,4166666666666667
4475;0,0
4476;0,6944444444444444
4477;0,7222222222222222
4478;0,1388888888888889
4479;0,75
4480;0,05555555555555555
4481;0,3333333333333333
4482;0,0
4483;0,6944444444444444
4484;0,0
4485;0,3611111111111111
4486;0,0
4487;0,8611111111111112
4488;0,3611111111111111
4489;0,16666666666666666
4490;1,0
4491;0,8055555555555556
4492;0,6944444444444444
4493;0,6944444444444444
4494;0,0
4495;0,7222222222222222
4496;0,0
4497;0,0
4498;0,0
4499;0,0
4500;0,9444444444444444
4501;0,08333333333333333
4502;0,5
4503;0,05555555555555555
4504;0,75
4505;0,05555555555555555
4506;0,0
4507;0,1388888888888889
4508;0,0
4509;0,6944444444444444
4510;0,16666666666666666
4511;0,9722222222222222
4512;0,6666666666666666
4513;0,5277777777777778
4514;0,9444444444444444
4515;0,0
4516;0,0
4517;0,19444444444444445
4518;0,08333333333333333
4519;0,4166666666666667
4520;0,0
4521;0,0
4522;0,5277777777777778
4523;0,05555555555555555
4524;0,05555555555555555
4525;0,7222222222222222
4526;0,1388888888888889
4527;0,9444444444444444
4528;0,027777777777777776
4529;0,5
4530;0,9722222222222222
4531;0,5
4532;0,16666666666666666
4533;0,0
4534;0,9722222222222222
4535;0,0
4536;0,0
4537;0,0
4538;0,0
4539;0,08333333333333333
4540;0,3611111111111111
4541;0,08333333333333333
4542;1,0
4543;0,05555555555555555
4544;0,0
4545;0,8333333333333334
4546;0,0
4547;0,9444444444444444
4548;0,08333333333333333
4549;0,9722222222222222
4550;0,08333333333333333
4551;0,0
4552;0,7777777777777778
4553;0,0
4554;0,9166666666666666
4555;0,08333333333333333
4556;0,8888888888888888
4557;1,0
4558;0,0
4559;0,5
4560;0,0
4561;0,0
4562;0,16666666666666666
4563;0,9444444444444444
4564;0,0
4565;0,0
4566;0,0
4567;0,25
4568;0,0
4569;0,0
4570;0,9722222222222222
4571;0,8333333333333334
4572;0,1111111111111111
4573;0,08333333333333333
4574;0,0
4575;0,05555555555555555
4576;0,0
4577;0,0
4578;0,0
4579;0,8611111111111112
4580;0,08333333333333333
4581;1,0
4582;0,0
4583;0,08333333333333333
4584;0,05555555555555555
4585;0,8888888888888888
4586;0,3888888888888889
4587;0,05555555555555555
4588;0,7777777777777778
4589;0,9444444444444444
4590;0,9444444444444444
4591;0,9722222222222222
4592;0,9722222222222222
4593;0,08333333333333333
4594;0,8055555555555556
4595;0,9722222222222222
4596;0,3333333333333333
4597;0,5
4598;0,0
4599;0,08333333333333333
4600;0,5277777777777778
4601;0,1388888888888889
4602;0,7222222222222222
4603;0,2222222222222222
4604;0,05555555555555555
4605;0,08333333333333333
4606;0,0
4607;0,08333333333333333
4608;0,0
4609;0,6944444444444444
4610;0,6666666666666666
4611;0,0
4612;0,9444444444444444
4613;0,3333333333333333
4614;0,05555555555555555
4615;0,0
4616;0,8888888888888888
4617;0,027777777777777776
4618;0,0
4619;0,9444444444444444
4620;0,0
4621;0,0
4622;0,1111111111111111
4623;0,08333333333333333
4624;0,0
4625;0,0
4626;0,0
4627;0,05555555555555555
4628;0,0
4629;0,5
4630;0,6111111111111112
4631;0,0
4632;0,5
4633;0,0
4634;0,0
4635;0,0
4636;0,3333333333333333
4637;0,0
4638;0,0
4639;0,2777777777777778
4640;0,0
4641;0,8888888888888888
4642;0,75
4643;0,5
4644;0,6111111111111112
4645;0,0
4646;0,0
4647;0,9444444444444444
4648;0,19444444444444445
4649;0,8333333333333334
4650;0,75
4651;0,05555555555555555
4652;0,5833333333333334
4653;0,3055555555555556
4654;0,9444444444444444
4655;0,0
4656;0,0
4657;0,0
4658;0,9166666666666666
4659;0,8055555555555556
4660;0,0
4661;0,5
4662;0,08333333333333333
4663;0,0
4664;0,0
4665;0,1111111111111111
4666;0,1388888888888889
4667;0,0
4668;0,0
4669;0,0
4670;0,6666666666666666
4671;0,0
4672;0,0
4673;0,0
4674;0,0
4675;0,1388888888888889
4676;0,9444444444444444
4677;0,0
4678;0,08333333333333333
4679;0,6666666666666666
4680;0,0
4681;0,0
4682;0,0
4683;0,0
4684;0,2222222222222222
4685;0,5833333333333334
4686;0,08333333333333333
4687;0,08333333333333333
4688;0,5277777777777778
4689;0,5
4690;0,8055555555555556
4691;0,3611111111111111
4692;0,9444444444444444
4693;0,0
4694;0,0
4695;0,0
4696;0,08333333333333333
4697;0,0
4698;0,0
4699;0,0
4700;0,8055555555555556
4701;0,75
4702;0,9166666666666666
4703;0,05555555555555555
4704;0,0
4705;1,0
4706;0,8055555555555556
4707;0,25
4708;0,08333333333333333
4709;0,1111111111111111
4710;0,0
4711;0,5
4712;0,0
4713;0,9166666666666666
4714;0,08333333333333333
4715;0,9722222222222222
4716;0,9444444444444444
4717;0,7222222222222222
4718;0,027777777777777776
4719;0,3055555555555556
4720;0,9444444444444444
4721;0,0
4722;0,027777777777777776
4723;1,0
4724;0,9166666666666666
4725;0,08333333333333333
4726;0,08333333333333333
4727;0,5277777777777778
4728;0,0
4729;0,9444444444444444
4730;0,0
4731;0,0
4732;0,5277777777777778
4733;0,05555555555555555
4734;0,3333333333333333
4735;0,9444444444444444
4736;0,0
4737;0,0
4738;0,7222222222222222
4739;0,08333333333333333
4740;0,2222222222222222
4741;0,9722222222222222
4742;0,9722222222222222
4743;0,9444444444444444
4744;0,3888888888888889
4745;0,0
4746;0,9166666666666666
4747;0,4722222222222222
4748;0,0
4749;0,0
4750;0,0
4751;0,2222222222222222
4752;0,0
4753;0,7222222222222222
4754;0,08333333333333333
4755;0,5
4756;0,0
4757;0,6111111111111112
4758;0,08333333333333333
4759;0,9722222222222222
4760;0,0
4761;0,7222222222222222
4762;0,0
4763;0,0
4764;0,9166666666666666
4765;0,05555555555555555
4766;0,0
4767;0,0
4768;0,6111111111111112
4769;0,0
4770;0,027777777777777776
4771;0,0
4772;0,05555555555555555
4773;0,9444444444444444
4774;0,8611111111111112
4775;0,027777777777777776
4776;0,05555555555555555
4777;0,08333333333333333
4778;0,1388888888888889
4779;0,7777777777777778
4780;0,0
4781;0,7222222222222222
4782;0,0
4783;0,4166666666666667
4784;0,0
4785;0,0
4786;0,7222222222222222
4787;0,3611111111111111
4788;0,08333333333333333
4789;0,0
4790;0,5
4791;0,05555555555555555
4792;1,0
4793;0,1388888888888889
4794;0,08333333333333333
4795;0,1388888888888889
4796;0,0
4797;0,1388888888888889
4798;0,6111111111111112
4799;0,0
4800;0,0
4801;0,8333333333333334
4802;0,1388888888888889
4803;0,05555555555555555
4804;0,0
4805;0,0
4806;0,7777777777777778
4807;0,9166666666666666
4808;0,7222222222222222
4809;0,0
4810;0,6944444444444444
4811;0,0
4812;0,0
4813;0,0
4814;0,0
4815;0,5
4816;0,5
4817;0,0
4818;0,0
4819;0,9166666666666666
4820;0,0
4821;0,0
4822;0,5833333333333334
4823;0,0
4824;0,0
4825;0,8888888888888888
4826;0,05555555555555555
4827;0,0
4828;0,027777777777777776
4829;0,7777777777777778
4830;0,0
4831;0,9166666666666666
4832;0,0
4833;0,0
4834;0,0
4835;0,0
4836;0,5
4837;0,5
4838;0,0
4839;0,5
4840;0,05555555555555555
4841;0,0
4842;0,7777777777777778
4843;0,0
4844;0,0
4845;0,0
4846;0,05555555555555555
4847;0,0
4848;0,0
4849;0,5
4850;0,7777777777777778
4851;0,5
4852;0,0
4853;0,027777777777777776
4854;0,08333333333333333
4855;0,08333333333333333
4856;0,0
4857;0,0
4858;0,0
4859;0,5833333333333334
4860;0,08333333333333333
4861;0,0
4862;0,0
4863;0,5
4864;0,9722222222222222
4865;0,5
4866;0,08333333333333333
4867;0,75
4868;0,0
4869;0,8333333333333334
4870;0,9444444444444444
4871;0,5
4872;0,0
4873;0,0
4874;0,3055555555555556
4875;0,9722222222222222
4876;0,0
4877;0,05555555555555555
4878;0,25
4879;0,0
4880;0,0
4881;0,4444444444444444
4882;0,3611111111111111
4883;0,0
4884;0,9444444444444444
4885;0,0
4886;0,08333333333333333
4887;0,6388888888888888
4888;0,0
4889;0,8333333333333334
4890;0,0
4891;0,0
4892;0,08333333333333333
4893;0,0
4894;0,0
4895;0,5
4896;0,0
4897;0,0
4898;0,0
4899;0,9166666666666666
4900;0,0
4901;0,8333333333333334
4902;0,0
4903;0,05555555555555555
4904;0,0
4905;0,0
4906;0,08333333333333333
4907;0,05555555555555555
4908;0,05555555555555555
4909;0,7777777777777778
4910;0,0
4911;0,8333333333333334
4912;1,0
4913;0,0
4914;0,0
4915;0,08333333333333333
4916;0,0
4917;0,0
4918;0,0
4919;0,05555555555555555
4920;0,8333333333333334
4921;0,3333333333333333
4922;0,5
4923;0,0
4924;0,08333333333333333
4925;0,3333333333333333
4926;1,0
4927;0,08333333333333333
4928;0,0
4929;0,5
4930;0,08333333333333333
4931;0,0
4932;0,0
4933;0,0
4934;0,9444444444444444
4935;0,0
4936;0,9722222222222222
4937;0,08333333333333333
4938;0,0
4939;0,0
4940;0,0
4941;0,0
4942;0,0
4943;0,6111111111111112
4944;0,08333333333333333
4945;0,0
4946;0,0
4947;0,0
4948;0,8611111111111112
4949;0,0
4950;0,0
4951;0,05555555555555555
4952;0,0
4953;0,08333333333333333
4954;0,8055555555555556
4955;0,08333333333333333
4956;0,08333333333333333
4957;0,8888888888888888
4958;0,0
4959;0,0
4960;0,0
4961;0,6111111111111112
4962;0,05555555555555555
4963;0,3611111111111111
4964;0,0
4965;0,05555555555555555
4966;0,05555555555555555
4967;0,0
4968;0,1111111111111111
4969;0,08333333333333333
4970;0,0
4971;0,5
4972;0,0
4973;0,0
4974;0,0
4975;0,5
4976;0,0
4977;0,8611111111111112
4978;0,05555555555555555
4979;0,0
4980;0,5
4981;0,08333333333333333
4982;0,0
4983;0,5833333333333334
4984;0,0
4985;0,9722222222222222
4986;0,4722222222222222
4987;0,1388888888888889
4988;0,0
4989;0,0
4990;0,5
4991;0,0
4992;0,75
4993;0,0
4994;0,0
4995;0,5
4996;0,0
4997;0,1388888888888889
4998;0,0
4999;0,5
5000;0,0
5001;0,1388888888888889
5002;0,05555555555555555
5003;0,08333333333333333
5004;0,5
5005;0,05555555555555555
5006;0,027777777777777776
5007;0,8888888888888888
5008;0,08333333333333333
5009;0,0
5010;0,5
5011;0,9166666666666666
5012;0,05555555555555555
5013;0,0
5014;0,19444444444444445
5015;0,0
5016;0,08333333333333333
5017;0,9166666666666666
5018;0,05555555555555555
5019;0,0
5020;0,8888888888888888
5021;0,05555555555555555
5022;0,5277777777777778
5023;0,0
5024;0,0
5025;0,3333333333333333
5026;0,0
5027;0,0
5028;0,75
5029;0,0
5030;0,0
5031;0,0
5032;0,0
5033;0,0
5034;0,0
5035;0,9722222222222222
5036;0,25
5037;0,0
5038;0,0
5039;0,0
5040;0,0
5041;0,0
5042;0,0
5043;0,05555555555555555
5044;0,0
5045;0,3611111111111111
5046;0,0
5047;0,08333333333333333
5048;0,05555555555555555
5049;0,0
5050;0,4722222222222222
5051;0,08333333333333333
5052;0,5
5053;0,05555555555555555
5054;0,5
5055;0,75
5056;0,7222222222222222
5057;0,0
5058;0,0
5059;0,1388888888888889
5060;0,6388888888888888
5061;0,08333333333333333
5062;0,0
5063;0,0
5064;0,0
5065;0,0
5066;0,5
5067;0,08333333333333333
5068;0,08333333333333333
5069;0,4444444444444444
5070;0,0
5071;0,0
5072;0,08333333333333333
5073;0,0
5074;0,1111111111111111
5075;0,5
5076;0,1388888888888889
5077;0,0
5078;0,0
5079;0,8888888888888888
5080;0,0
5081;0,0
5082;0,4722222222222222
5083;0,0
5084;0,0
5085;0,3888888888888889
5086;0,5277777777777778
5087;0,0
5088;0,0
5089;0,0
5090;0,0
5091;0,9722222222222222
5092;0,0
5093;0,5555555555555556
5094;0,0
5095;0,0
5096;0,1388888888888889
5097;0,0
5098;0,16666666666666666
5099;0,08333333333333333
5100;0,0
5101;0,0
5102;0,0
5103;0,0
5104;0,0
5105;0,4166666666666667
5106;0,0
5107;0,05555555555555555
5108;0,4166666666666667
5109;0,5
5110;0,1388888888888889
5111;
